Name,Distributor,Opening,Budget,Release Date,Running Time,Genres,Widest Release
Avengers: Endgame,Walt Disney Studios Motion Pictures,3571150074662,356000000,Apr 26  2019  Sep 12  2019,3 hr 1 min,Action,4662 theaters
The Lion King,Walt Disney Studios Motion Pictures,1917707594725,260000000,Jul 19  2019  Dec 5  2019,1 hr 58 min,Adventure,4802 theaters
Toy Story 4,Walt Disney Studios Motion Pictures,1209080654575,0,Jun 21  2019  Dec 5  2019,1 hr 40 min,Adventure,4575 theaters
Frozen II,Walt Disney Studios Motion Pictures,1302633584440,0,Nov 22  2019,1 hr 43 min,Adventure,4440 theaters
Captain Marvel,Walt Disney Studios Motion Pictures,1534334234310,0,Mar 8  2019  Jul 4  2019,2 hr 3 min,Action,4310 theaters
Star Wars: Episode IX - The Rise of Skywalker,Walt Disney Studios Motion Pictures,1773838644406,0,Dec 20  2019,2 hr 22 min,Action,4406 theaters
Spider-Man: Far from Home,Sony Pictures Releasing,925792124634,160000000,Jul 2  2019  Oct 24  2019,2 hr 9 min,Action,4634 theaters
Aladdin,Walt Disney Studios Motion Pictures,915009294476,183000000,May 24  2019  Oct 24  2019,2 hr 8 min,Adventure,4476 theaters
Joker,Warner Bros.,962023374374,55000000,Oct 4  2019,2 hr 2 min,Crime,4374 theaters
It Chapter Two,Warner Bros.,910621524570,0,Sep 6  2019  Dec 5  2019,2 hr 49 min,Drama,4570 theaters
Jumanji: The Next Level,Sony Pictures Releasing,592515434227,125000000,Dec 13  2019,2 hr 3 min,Action,4227 theaters
Us,Universal Pictures,711176253741,20000000,Mar 22  2019  Jun 6  2019,1 hr 56 min,Horror,3743 theaters
Fast & Furious Presents: Hobbs & Shaw,Universal Pictures,600389504253,200000000,Aug 2  2019  Nov 1  2019,2 hr 17 min,Action,4344 theaters
John Wick: Chapter 3 - Parabellum,Lionsgate,568180673850,0,May 17  2019  Sep 12  2019,2 hr 11 min,Action,3850 theaters
How to Train Your Dragon: The Hidden World,Universal Pictures,550222454259,129000000,Feb 22  2019  Jun 13  2019,1 hr 44 min,Action,4286 theaters
The Secret Life of Pets 2,Universal Pictures,466526804561,80000000,Jun 7  2019  Sep 19  2019,1 hr 26 min,Adventure,4564 theaters
Pokémon Detective Pikachu,Warner Bros.,543652424202,150000000,May 10  2019  Aug 15  2019,1 hr 44 min,Action,4248 theaters
Once Upon a Time... in Hollywood,Sony Pictures Releasing,410820183659,90000000,Jul 26  2019  Feb 20  2020,2 hr 41 min,Comedy,3659 theaters
Shazam!,Warner Bros.,535053264217,100000000,Apr 5  2019  Jul 25  2019,2 hr 12 min,Action,4306 theaters
Aquaman,Warner Bros.,678735224125,0,Dec 21  2018  Apr 4  2019,2 hr 23 min,Action,4184 theaters
Knives Out,Lionsgate,267695483461,40000000,Nov 27  2019,2 hr 11 min,Comedy,3461 theaters
Dumbo,Walt Disney Studios Motion Pictures,459907484259,170000000,Mar 29  2019  Aug 8  2019,1 hr 52 min,Adventure,4259 theaters
Maleficent: Mistress of Evil,Walt Disney Studios Motion Pictures,369487133790,0,Oct 18  2019  Feb 13  2020,1 hr 59 min,Adventure,3820 theaters
Glass,Universal Pictures,403289203841,20000000,Jan 18  2019  Apr 4  2019,2 hr 9 min,Drama,3844 theaters
Godzilla: King of the Monsters,Warner Bros.,477762934108,170000000,May 31  2019  Aug 29  2019,2 hr 12 min,Action,4108 theaters
The Upside,STX Entertainment,203550003080,37500000,Jan 11  2019  May 2  2019,2 hr 6 min,Comedy,3568 theaters
Ford v Ferrari,Twentieth Century Fox,314749583528,97600000,Nov 15  2019,2 hr 32 min,Action,3746 theaters
The Lego Movie 2: The Second Part,Warner Bros.,341153354303,0,Feb 8  2019  May 9  2019,1 hr 47 min,Action,4303 theaters
Hustlers,STX Entertainment,331813613250,20000000,Sep 13  2019  Jan 9  2020,1 hr 50 min,Comedy,3525 theaters
The Addams Family,United Artists Releasing,303000074007,0,Oct 11  2019,1 hr 26 min,Animation,4107 theaters
Downton Abbey,Focus Features,310336653079,0,Sep 20  2019,2 hr 2 min,Drama,3548 theaters
Rocketman,Paramount Pictures,257257223610,40000000,May 31  2019  Sep 5  2019,2 hr 1 min,Biography,3610 theaters
Alita: Battle Angel,Twentieth Century Fox,285256133790,170000000,Feb 14  2019  May 9  2019,2 hr 2 min,Action,3802 theaters
Good Boys,Universal Pictures,214026053204,20000000,Aug 16  2019  Nov 1  2019,1 hr 30 min,Adventure,3458 theaters
Spider-Man: Into the Spider-Verse,Sony Pictures Releasing,353633763813,0,Dec 14  2018  Apr 4  2019,1 hr 57 min,Action,3813 theaters
Men in Black: International,Sony Pictures Releasing,300358384224,110000000,Jun 14  2019  Oct 6  2019,1 hr 54 min,Action,4224 theaters
Annabelle Comes Home,Warner Bros.,202697233613,0,Jun 26  2019  Oct 3  2019,1 hr 46 min,Horror,3613 theaters
Yesterday,Universal Pictures,170100502603,26000000,Jun 28  2019  Sep 5  2019,1 hr 56 min,Comedy,2755 theaters
A Madea Family Funeral,Lionsgate,270623322442,0,Mar 1  2019  May 16  2019,1 hr 49 min,Comedy,2442 theaters
Zombieland: Double Tap,Sony Pictures Releasing,268031043468,42000000,Oct 18  2019  Jan 23  2020,1 hr 39 min,Action,3468 theaters
Angel Has Fallen,Lionsgate,213809873286,40000000,Aug 23  2019  Oct 31  2019,2 hr 1 min,Action,3336 theaters
Scary Stories to Tell in the Dark,Lionsgate,209153463135,25000000,Aug 9  2019,1 hr 48 min,Adventure,3135 theaters
Mary Poppins Returns,Walt Disney Studios Motion Pictures,235231214090,130000000,Dec 19  2018  Apr 11  2019,2 hr 10 min,Comedy,4090 theaters
X-Men: Dark Phoenix,Twentieth Century Fox,328283483721,0,Jun 7  2019  Aug 15  2019,1 hr 53 min,Action,3721 theaters
Terminator: Dark Fate,Paramount Pictures,290338324086,185000000,Nov 1  2019  Dec 26  2019,2 hr 8 min,Action,4086 theaters
Abominable,Universal Pictures,206121004242,75000000,Sep 27  2019  Jan 2  2020,1 hr 37 min,Adventure,4248 theaters
Dora and the Lost City of Gold,Paramount Pictures,174315883735,49000000,Aug 9  2019,1 hr 42 min,Adventure,3735 theaters
Escape Room,Sony Pictures Releasing,182381722717,9000000,Jan 4  2019  Apr 25  2019,1 hr 39 min,Action,2717 theaters
A Beautiful Day in the Neighborhood,Sony Pictures Releasing,132512383235,25000000,Nov 22  2019,1 hr 49 min,Biography,3491 theaters
Midway,Lionsgate,178974193242,100000000,Nov 8  2019  Jan 23  2020,2 hr 18 min,Action,3242 theaters
Bumblebee,Paramount Pictures,216540473550,135000000,Dec 21  2018  Mar 7  2019,1 hr 54 min,Action,3597 theaters
The Curse of la Llorona,Warner Bros.,263476313372,9000000,Apr 19  2019  Jul 4  2019,1 hr 33 min,Horror,3372 theaters
Pet Sematary,Paramount Pictures,245027753585,21000000,Apr 5  2019  May 30  2019,1 hr 41 min,Horror,3585 theaters
What Men Want,Paramount Pictures,182320872912,20000000,Feb 8  2019  Apr 11  2019,1 hr 57 min,Comedy,2912 theaters
Green Book,Universal Pictures,32042925,23000000,No release date,2 hr 10 min,Biography,2648 theaters
Ad Astra,Twentieth Century Fox,190013983460,0,Sep 20  2019  Dec 12  2019,2 hr 3 min,Adventure,3460 theaters
Isn't It Romantic,Warner Bros.,142477583444,0,Feb 13  2019  May 9  2019,1 hr 29 min,Comedy,3444 theaters
Gemini Man,Paramount Pictures,205523723642,138000000,Oct 11  2019,1 hr 57 min,Action,3642 theaters
Ma,Universal Pictures,180998052808,5000000,May 31  2019  Jul 18  2019,1 hr 39 min,Horror,2816 theaters
Five Feet Apart,Lionsgate,131902862803,0,Mar 15  2019  May 30  2019,1 hr 56 min,Drama,2866 theaters
Wonder Park,Paramount Pictures,158536463838,0,Mar 15  2019  May 9  2019,1 hr 25 min,Adventure,3838 theaters
Rambo: Last Blood,Lionsgate,188729193618,50000000,Sep 20  2019  Nov 21  2019,1 hr 29 min,Action,3618 theaters
Playing with Fire,Paramount Pictures,127237813125,29900000,Nov 8  2019,1 hr 36 min,Comedy,3185 theaters
Harriet,Focus Features,116767202059,17000000,Nov 1  2019  Jan 23  2020,2 hr 5 min,Action,2186 theaters
A Dog's Way Home,Sony Pictures Releasing,112512633090,18000000,Jan 11  2019  Mar 28  2019,1 hr 36 min,Adventure,3090 theaters
The Angry Birds Movie 2,Sony Pictures Releasing,103540733869,65000000,Aug 13  2019  Nov 14  2019,1 hr 37 min,Adventure,3869 theaters
Little,Universal Pictures,154054552667,20000000,Apr 12  2019  Jun 6  2019,1 hr 49 min,Comedy,2667 theaters
Queen & Slim,Universal Pictures,118904901690,0,Nov 27  2019  Jan 30  2020,2 hr 12 min,Crime,1715 theaters
Breakthrough,Twentieth Century Fox,112823332824,14000000,Apr 17  2019  Jul 4  2019,1 hr 56 min,Biography,2913 theaters
The Mule,Warner Bros.,175094312588,50000000,Dec 14  2018  Mar 14  2019,1 hr 56 min,Crime,3329 theaters
Crawl,Paramount Pictures,120052103170,13500000,Jul 12  2019  Sep 5  2019,1 hr 27 min,Drama,3170 theaters
Little Women,Sony Pictures Releasing,167553103308,40000000,Dec 25  2019,2 hr 15 min,Drama,3308 theaters
The Intruder,Screen Gems,108550542222,8000000,May 3  2019  Jun 27  2019,1 hr 42 min,Drama,2231 theaters
The Hustle,United Artists Releasing,130077093007,0,May 10  2019  Jul 11  2019,1 hr 33 min,Comedy,3077 theaters
Last Christmas,Universal Pictures,114410553448,25000000,Nov 8  2019  Jan 2  2020,1 hr 43 min,Comedy,3454 theaters
Overcomer,Affirm Films,81465331723,5000000,Aug 23  2019  Dec 5  2019,1 hr 59 min,Drama,2293 theaters
Cold Pursuit,Lionsgate,110302332630,0,Feb 8  2019  Apr 18  2019,1 hr 59 min,Action,2630 theaters
Doctor Sleep,Warner Bros.,141141243855,0,Nov 8  2019  Jan 9  2020,2 hr 32 min,Drama,3855 theaters
Dragon Ball Super: Broly,FUNimation Entertainment,98161971238,0,Jan 16  2019  Feb 20  2019,1 hr 40 min,Action,1267 theaters
Long Shot,Lionsgate,97400643230,0,May 3  2019  Jun 20  2019,2 hr 5 min,Comedy,3230 theaters
Spies in Disguise,Twentieth Century Fox,133547983502,0,Dec 25  2019,1 hr 42 min,Action,3502 theaters
Child's Play,United Artists Releasing,140945943007,10000000,Jun 21  2019  Aug 8  2019,1 hr 30 min,Horror,3007 theaters
Ready or Not,Fox Searchlight Pictures,80155902855,6000000,Aug 21  2019  Oct 24  2019,1 hr 35 min,Comedy,2998 theaters
Happy Death Day 2U,Universal Pictures,94976653207,9000000,Feb 13  2019  Apr 4  2019,1 hr 40 min,Comedy,3212 theaters
Vice,Annapurna Pictures,77683712442,0,Dec 25  2018  Apr 11  2019,2 hr 12 min,Biography,2534 theaters
21 Bridges,STX Entertainment,92612682665,33000000,Nov 22  2019  Jan 23  2020,1 hr 39 min,Action,2665 theaters
Midsommar,A24,65600302707,0,Jul 3  2019,2 hr 28 min,Drama,2707 theaters
Bohemian Rhapsody,Twentieth Century Fox,510611194000,52000000,Nov 2  2018  Apr 25  2019,2 hr 14 min,Biography,4000 theaters
The Art of Racing in the Rain,Twentieth Century Fox,81375842765,0,Aug 9  2019  Oct 24  2019,1 hr 49 min,Comedy,2765 theaters
Countdown,STX Entertainment,88650822675,6500000,Oct 25  2019  Jan 9  2020,1 hr 30 min,Horror,2675 theaters
Uncut Gems,A24,5372425,0,No release date,2 hr 15 min,Crime,2686 theaters
Judy,Roadside Attractions,2916548461,0,No release date,1 hr 58 min,Biography,1627 theaters
Ralph Breaks the Internet,Walt Disney Studios Motion Pictures,562376344017,175000000,Nov 21  2018  Apr 11  2019,1 hr 52 min,Adventure,4017 theaters
Fighting with My Family,Metro-Goldwyn-Mayer (MGM),1387804,0,No release date,1 hr 48 min,Biography,2855 theaters
On the Basis of Sex,Focus Features,68635533,0,No release date,2 hr,Biography,1957 theaters
A Dog's Journey,Universal Pictures,80300853267,0,May 17  2019  Jul 18  2019,1 hr 49 min,Comedy,3279 theaters
Booksmart,United Artists Releasing,69336202505,0,May 24  2019  Aug 8  2019,1 hr 42 min,Comedy,2518 theaters
Parasite,Neon,3932163,0,No release date,2 hr 12 min,Comedy,2001 theaters
Stuber,Twentieth Century Fox,82253843050,0,Jul 12  2019  Aug 29  2019,1 hr 33 min,Action,3050 theaters
47 Meters Down: Uncaged,Entertainment Studios Motion Pictures,84272652853,12000000,Aug 16  2019,1 hr 30 min,Adventure,2883 theaters
Black and Blue,Screen Gems,83768462062,12000000,Oct 25  2019  Jan 2  2020,1 hr 48 min,Action,2062 theaters
Hellboy,Lionsgate,120451473303,50000000,Apr 12  2019  May 16  2019,2 hr,Action,3303 theaters
Shaft,Warner Bros.,89014192952,0,Jun 14  2019  Aug 15  2019,1 hr 51 min,Action,2952 theaters
Jojo Rabbit,Fox Searchlight Pictures,3495555,0,No release date,1 hr 48 min,Comedy,1173 theaters
The Peanut Butter Falcon,Roadside Attractions,20479317,0,No release date,1 hr 37 min,Adventure,1490 theaters
UglyDolls,STX Entertainment,86034073652,0,May 3  2019  Jul 4  2019,1 hr 27 min,Adventure,3652 theaters
Cats,Universal Pictures,66198703380,95000000,Dec 20  2019  Feb 13  2020,1 hr 50 min,Comedy,3380 theaters
Unplanned,Pure Flix Entertainment,63822981059,6000000,Mar 29  2019,1 hr 49 min,Biography,1516 theaters
The Favourite,Fox Searchlight Pictures,4224104,0,No release date,1 hr 59 min,Biography,1554 theaters
Bombshell,Lionsgate,3191574,0,No release date,1 hr 49 min,Biography,1721 theaters
Richard Jewell,Warner Bros.,47052652502,0,Dec 13  2019  Feb 6  2020,2 hr 11 min,Biography,2502 theaters
Charlie's Angels,Sony Pictures Releasing,83511093452,48000000,Nov 15  2019,1 hr 58 min,Action,3452 theaters
The Farewell,A24,3556624,0,No release date,1 hr 40 min,Comedy,891 theaters
Brightburn,Screen Gems,78456582607,6000000,May 24  2019  Jun 27  2019,1 hr 30 min,Drama,2607 theaters
The Good Liar,Warner Bros.,56050512439,10000000,Nov 15  2019  Jan 16  2020,1 hr 49 min,Crime,2454 theaters
The Kid Who Would Be King,Twentieth Century Fox,71738873521,0,Jan 25  2019  Apr 4  2019,2 hr,Action,3528 theaters
Missing Link,United Artists Releasing,59449503413,0,Apr 12  2019  Jul 11  2019,1 hr 33 min,Adventure,3437 theaters
Second Act,STX Entertainment,64899832607,16000000,Dec 21  2018  Feb 21  2019,1 hr 43 min,Comedy,2607 theaters
Late Night,Amazon Studios,2463054,0,No release date,1 hr 42 min,Comedy,2220 theaters
Miss Bala,Sony Pictures Releasing,68647442203,15000000,Feb 1  2019  Mar 21  2019,1 hr 44 min,Action,2203 theaters
The Prodigy,Orion Pictures,58530612530,6000000,Feb 8  2019  Apr 11  2019,1 hr 32 min,Horror,2530 theaters
A Star Is Born,Warner Bros.,429080513686,36000000,Oct 5  2018  Apr 4  2019,2 hr 16 min,Drama,3904 theaters
Poms,STX Entertainment,53619372750,0,May 10  2019  Jun 20  2019,1 hr 30 min,Comedy,2750 theaters
If Beale Street Could Talk,Annapurna Pictures,2244764,0,No release date,1 hr 59 min,Drama,1018 theaters
They Shall Not Grow Old,Warner Bros.,0,0,Dec 17  2018  May 9  2019,1 hr 39 min,Documentary,1335 theaters
The Kitchen,Warner Bros.,55274102745,38000000,Aug 9  2019  Oct 3  2019,1 hr 42 min,Action,2745 theaters
After,Aviron Pictures,60023492138,14000000,Apr 12  2019  Jun 6  2019,1 hr 45 min,Drama,2138 theaters
Blinded by the Light,Warner Bros.,43333052307,0,Aug 16  2019  Oct 10  2019,1 hr 58 min,Comedy,2307 theaters
The Lighthouse,A24,4277978,0,No release date,1 hr 49 min,Drama,978 theaters
Dark Waters,Focus Features,1026064,0,No release date,2 hr 6 min,Biography,2112 theaters
Greta,Focus Features,44819102411,0,Mar 1  2019  Apr 4  2019,1 hr 38 min,Drama,2417 theaters
The Best of Enemies,STX Entertainment,44461901705,10000000,Apr 5  2019  May 16  2019,2 hr 13 min,Biography,1705 theaters
Black Christmas,Universal Pictures,42402452625,5000000,Dec 13  2019,1 hr 32 min,Horror,2625 theaters
Hotel Mumbai,Bleecker Street Media,880654,0,No release date,2 hr 3 min,Action,930 theaters
Holmes & Watson,Sony Pictures Releasing,74115222776,42000000,Dec 25  2018  Feb 21  2019,1 hr 30 min,Comedy,2780 theaters
Motherless Brooklyn,Warner Bros.,35004541342,26000000,Nov 1  2019  Dec 19  2019,2 hr 24 min,Crime,1342 theaters
No Manches Frida 2,Pantelion Films,3831401472,0,Mar 15  2019  May 2  2019,1 hr 42 min,Comedy,472 theaters
"Where'd You Go, Bernadette",United Artists Releasing,34623082404,0,Aug 16  2019  Oct 10  2019,1 hr 49 min,Comedy,2404 theaters
Apollo 11,Neon,1607040120,0,Mar 1  2019  Jul 21  2019,1 hr 33 min,Documentary,588 theaters
Serenity,Aviron Pictures,44154032561,0,Jan 25  2019  Mar 7  2019,1 hr 46 min,Drama,2561 theaters
Anna,Lionsgate,36006472114,0,Jun 21  2019  Aug 8  2019,1 hr 59 min,Action,2114 theaters
Penguins,Walt Disney Studios Motion Pictures,22825931815,0,Apr 17  2019  Jun 13  2019,1 hr 16 min,Documentary,1815 theaters
Brittany Runs a Marathon,Amazon Studios,1807115,0,No release date,1 hr 44 min,Comedy,1033 theaters
Mary Queen of Scots,Focus Features,1947774,0,No release date,2 hr 4 min,Biography,1052 theaters
The Dead Don't Die,Focus Features,2540240613,0,Jun 14  2019  Jul 18  2019,1 hr 44 min,Comedy,690 theaters
Jexi,Lionsgate,31067302332,0,Oct 11  2019  Nov 8  2019,1 hr 24 min,Comedy,2332 theaters
Run the Race,Roadside Attractions,2161480853,0,Feb 22  2019  May 2  2019,1 hr 41 min,Drama,1075 theaters
Free Solo,National Geographic Entertainment,2942884,0,Sep 28  2018  May 2  2019,1 hr 40 min,Adventure,483 theaters
The Current War: Director's Cut,101 Studios,26337171022,0,Oct 25  2019,1 hr 48 min,Biography,1082 theaters
Captive State,Focus Features,31315252548,0,Mar 15  2019  Apr 4  2019,1 hr 49 min,Drama,2549 theaters
The Wandering Earth,CMC Pictures,168528764,0,Feb 5  2019  Apr 4  2019,2 hr 5 min,Action,129 theaters
Arctic Dogs,Entertainment Studios Motion Pictures,29013352844,0,Nov 1  2019,1 hr 32 min,Adventure,2844 theaters
Gloria Bell,A24,1452185,0,No release date,1 hr 42 min,Comedy,1127 theaters
Gully Boy,Viva Pictures Distribution,2045068258,0,Feb 14  2019  Apr 4  2019,2 hr 33 min,Drama,270 theaters
Stan & Ollie,Sony Pictures Classics,781045,0,No release date,1 hr 38 min,Biography,754 theaters
The Goldfinch,Warner Bros.,26790272542,45000000,Sep 13  2019  Oct 24  2019,2 hr 29 min,Drama,2542 theaters
Don't Let Go,OTL Releasing,2338669922,5000000,Aug 30  2019,1 hr 43 min,Drama,922 theaters
The Mustang,Focus Features,716574,0,Mar 15  2019  May 16  2019,1 hr 36 min,Drama,527 theaters
The Sun Is Also a Star,Warner Bros.,25115302073,0,May 17  2019  Jun 6  2019,1 hr 40 min,Drama,2073 theaters
Bring The Soul: The Movie,Trafalgar Releasing,2296491873,0,Aug 7  2019,1 hr 43 min,Documentary,873 theaters
Pavarotti,CBS Films,14403219,0,Jun 7  2019,1 hr 54 min,Biography,288 theaters
Tolkien,Fox Searchlight Pictures,22005371495,0,May 10  2019  Jun 13  2019,1 hr 52 min,Biography,1501 theaters
The Last Black Man in San Francisco,A24,2352727,0,Jun 7  2019,2 hr 1 min,Drama,207 theaters
War,Yash Raj Films,1607627305,21000000,Oct 2  2019,2 hr 34 min,Action,305 theaters
Cold War,Amazon Studios,543533,0,Dec 21  2018  Apr 4  2019,1 hr 29 min,Drama,270 theaters
Menteur,Entertainment One,60722989,0,Jul 12  2019,1 hr 51 min,Comedy,89 theaters
Brian Banks,Bleecker Street Media,21562721240,0,Aug 9  2019  Sep 26  2019,1 hr 39 min,Biography,1240 theaters
The Biggest Little Farm,Neon,1104925,0,May 10  2019,1 hr 31 min,Documentary,285 theaters
Dr. Seuss' The Grinch,Universal Pictures,675728554141,75000000,Nov 9  2018  Feb 14  2019,1 hr 25 min,Animation,4141 theaters
Amazing Grace,Neon,573533,0,Dec 7  2018  Jul 21  2019,1 hr 29 min,Documentary,263 theaters
Linda Ronstadt: The Sound of My Voice,Greenwich Entertainment,1132357,0,Sep 6  2019,1 hr 35 min,Biography,247 theaters
Uri: The Surgical Strike,PackYourBag Films,631146101,0,Jan 11  2019  Mar 28  2019,2 hr 18 min,Action,132 theaters
Replicas,Entertainment Studios Motion Pictures,23753252329,0,Jan 11  2019  Feb 21  2019,1 hr 47 min,Drama,2329 theaters
Pain and Glory,Sony Pictures Classics,1526364,0,Oct 4  2019,1 hr 53 min,Drama,266 theaters
Ne Zha,Well Go USA Entertainment,101575566,0,Aug 29  2019,1 hr 50 min,Action,135 theaters
Mission Mangal,FIP,1365006263,0,Aug 15  2019  Sep 26  2019,2 hr 10 min,Drama,263 theaters
The Oscar Nominated Short Films 2019: Documentary,Shorts International,938455270,0,Feb 8  2019  Mar 28  2019,No running time,Documentary,415 theaters
BTS World Tour: Love Yourself in Seoul,Fathom Events,2860016997,0,Jan 26  2019,1 hr 52 min,Documentary,997 theaters
The Beach Bum,Neon,17630701100,0,Mar 29  2019  May 9  2019,1 hr 35 min,Comedy,1100 theaters
Echo in the Canyon,Greenwich Entertainment,1176512,0,May 24  2019,1 hr 22 min,Documentary,147 theaters
Creed II,Metro-Goldwyn-Mayer (MGM),355747103441,50000000,Nov 21  2018  Mar 21  2019,2 hr 10 min,Drama,3752 theaters
Jay and Silent Bob Reboot,Saban Films,935201,0,Oct 15  2019,1 hr 45 min,Comedy,788 theaters
Maiden,Sony Pictures Classics,469316,0,Jun 28  2019,1 hr 37 min,Documentary,180 theaters
Simmba,Reliance Big Pictures,1758576301,0,Dec 28  2018  Feb 3  2019,2 hr 38 min,Action,301 theaters
Bharat,Viva Pictures Distribution,1252301311,0,Jun 5  2019  Jul 4  2019,2 hr 30 min,Action,311 theaters
Honey Boy,Amazon Studios,3010654,0,Nov 8  2019,1 hr 34 min,Drama,460 theaters
Friends 25th: The One With The Anniversary,Fathom Events,11778731586,0,Sep 23  2019,1 hr 45 min,Comedy,1586 theaters
Saaho,Yash Raj Films,1452102381,0,Aug 29  2019,2 hr 50 min,Action,381 theaters
Fantastic Beasts: The Crimes of Grindelwald,Warner Bros.,621631044163,200000000,Nov 16  2018  Feb 21  2019,2 hr 14 min,Adventure,4163 theaters
Kalank,FIP,1276581320,0,Apr 17  2019  May 9  2019,2 hr 46 min,Drama,320 theaters
Tod@s Caen,Pantelion Films,1098401371,0,Aug 30  2019  Oct 3  2019,2 hr,Comedy,371 theaters
Everybody Knows,Focus Features,712074,0,Feb 8  2019  Apr 4  2019,2 hr 13 min,Crime,283 theaters
Instant Family,Paramount Pictures,145043153286,48000000,Nov 16  2018  Jan 31  2019,1 hr 58 min,Comedy,3426 theaters
The Art of Self-Defense,Bleecker Street Media,1143747,0,Jul 12  2019  Aug 8  2019,1 hr 44 min,Comedy,550 theaters
Arctic,Bleecker Street Media,508784,0,Feb 1  2019  May 9  2019,1 hr 38 min,Adventure,268 theaters
Welcome to Marwen,Universal Pictures,23542051911,0,Dec 21  2018  Jan 17  2019,1 hr 56 min,Biography,1911 theaters
"My People, My Country",CMC Pictures,87600167,0,Oct 1  2019  Nov 7  2019,2 hr 34 min,Drama,83 theaters
Promare,GKIDS,10908554,0,Sep 17  2019,1 hr 51 min,Action,701 theaters
Super 30,Reliance Big Pictures,871256317,0,Jul 12  2019,2 hr 34 min,Biography,317 theaters
Faustina: Love and Mercy,Fathom Events,0,0,Oct 28  2019,1 hr 47 min,Biography,810 theaters
Gone with the Wind,Fathom Events,1089932717,0,Feb 28  2019  Mar 21  2019,3 hr 58 min,Drama,717 theaters
3 from Hell,Saban Films,0,0,Sep 16  2019,1 hr 55 min,Horror,667 theaters
Total Dhamaal,FIP,989387202,0,Feb 22  2019  Mar 21  2019,2 hr 10 min,Action,209 theaters
Housefull 4,FIP,904808315,0,Oct 25  2019  Nov 21  2019,2 hr 25 min,Action,315 theaters
Shoplifters,Magnolia Pictures,892645,0,Nov 23  2018  May 2  2019,2 hr 1 min,Crime,144 theaters
The Wizard of Oz,Fathom Events,1195606681,2777000,Jan 27  2019  Feb 7  2019,1 hr 42 min,Adventure,681 theaters
Luce,Neon,1329875,0,Aug 2  2019,1 hr 49 min,Drama,235 theaters
Chhichhore,FIP,614335195,0,Sep 6  2019  Oct 10  2019,2 hr 23 min,Comedy,195 theaters
Official Secrets,IFC Films,649654,0,Aug 30  2019,1 hr 52 min,Biography,485 theaters
Better Days,Well Go USA Entertainment,98953670,0,Nov 8  2019,2 hr 15 min,Crime,88 theaters
Badla,Reliance Big Pictures,59644650,0,Mar 8  2019  Mar 31  2019,1 hr 58 min,Crime,115 theaters
The White Crow,Sony Pictures Classics,787825,0,Apr 26  2019,2 hr 7 min,Biography,365 theaters
Ben Is Back,Roadside Attractions,807344,0,Dec 7  2018  Feb 21  2019,1 hr 43 min,Drama,598 theaters
Pandas,Warner Bros.,15891533,0,Apr 6  2018  Jul 15  2018,42 min,Documentary,35 theaters
The Other Side of Heaven 2: Fire of Faith,ArtAffects Entertainment,454257205,0,Jun 28  2019,1 hr 57 min,Adventure,205 theaters
Ip Man 4: The Finale,Well Go USA Entertainment,73771870,0,Dec 25  2019,1 hr 47 min,Action,125 theaters
Wild Rose,Neon,529384,0,Jun 21  2019,1 hr 41 min,Comedy,195 theaters
The Aftermath,Fox Searchlight Pictures,564195,0,Mar 15  2019  May 2  2019,1 hr 48 min,Drama,344 theaters
Made for More,Fathom Events,0,0,Aug 2  2018  Jan 9  2019,2 hr,Documentary,703 theaters
Red Joan,IFC Films,389494,0,Apr 19  2019  Jul 4  2019,1 hr 41 min,Biography,195 theaters
After the Wedding,Sony Pictures Classics,502645,0,Aug 9  2019,1 hr 52 min,Drama,428 theaters
Extreme Job,CJ Entertainment,425872,0,Jan 25  2019  Apr 4  2019,1 hr 51 min,Action,26 theaters
Waves,A24,1343334,0,Nov 15  2019,2 hr 15 min,Drama,570 theaters
Qué León,Spanglish Movies,29193634,0,Nov 29  2018  Mar 17  2019,1 hr 33 min,Comedy,86 theaters
Capernaum,Sony Pictures Classics,249883,0,Dec 14  2018  May 30  2019,2 hr 6 min,Drama,136 theaters
The Kid,Lionsgate,514286268,0,Mar 8  2019  Apr 18  2019,1 hr 40 min,Biography,268 theaters
Kinky Boots: The Musical,Fathom Events,386612455,0,Jun 25  2019  Jun 29  2019,2 hr 15 min,Musical,492 theaters
Destroyer,Annapurna Pictures,553473,0,Dec 25  2018  Mar 21  2019,2 hr 1 min,Action,235 theaters
The Wife,Sony Pictures Classics,1082844,0,Aug 17  2018  Apr 18  2019,1 hr 39 min,Drama,541 theaters
El Chicano,Briarcliff Entertainment,700261605,0,May 3  2019  May 23  2019,1 hr 48 min,Drama,605 theaters
Fantastic Fungi,Area 23a,94191,0,Sep 20  2019,1 hr 21 min,Documentary,37 theaters
1917,Universal Pictures,57621611,0,No release date,1 hr 59 min,Drama,3987 theaters
Spirited Away,Fathom Events,561821765,0,Oct 27  2019,2 hr 5 min,Adventure,768 theaters
Never Look Away,Sony Pictures Classics,0,0,Nov 30  2018  Jun 6  2019,3 hr 9 min,Drama,122 theaters
Pilgrim's Progress,Fathom Events,678647706,0,Apr 18  2019  Apr 20  2019,1 hr 48 min,Adventure,758 theaters
Can You Ever Forgive Me?,Fox Searchlight Pictures,1615105,0,Oct 19  2018  Mar 14  2019,1 hr 46 min,Biography,555 theaters
Asterix: The Secret of the Magic Potion,Entertainment One,19304051,0,Feb 15  2019  May 12  2019,1 hr 27 min,Adventure,76 theaters
Metallica & San Francisco Symphony - S&M2,Trafalgar Releasing,144736157,0,Oct 9  2019,2 hr 30 min,Music,655 theaters
BTS World Tour 'Love Yourself: Speak Yourself' (The Final) Seoul Live Viewing,Fathom Events,1226552490,0,Oct 27  2019,3 hr 30 min,Music,490 theaters
High Life,A24,993414,0,Apr 5  2019  May 30  2019,1 hr 53 min,Adventure,146 theaters
All Is True,Sony Pictures Classics,442114,0,May 10  2019,1 hr 41 min,Biography,328 theaters
Kingdom Men Rising,Fathom Events,0,0,Apr 29  2019,1 hr 33 min,Documentary,705 theaters
Los Domirriqueños 2,Spanglish Movies,34184753,0,Mar 14  2019  Apr 21  2019,1 hr 47 min,Comedy,82 theaters
Ek Ladki Ko Dekha Toh Aisa Laga,FIP,606775193,0,Feb 1  2019  Feb 21  2019,2 hr,Comedy,193 theaters
No Safe Spaces,Atlas Distribution Company,452361,0,Oct 25  2019  Nov 10  2019,1 hr 40 min,Documentary,200 theaters
Nothing to Lose 2,Swen Releasing,60693497,0,Sep 27  2019,1 hr 36 min,Biography,105 theaters
Western Stars,Warner Bros.,560282345,0,Oct 25  2019  Dec 12  2019,1 hr 23 min,Documentary,553 theaters
Konosuba!: God's Blessing on This Wonderful World! - Legend of Crimson,Fathom Events,0,0,Nov 12  2019,1 hr 30 min,Adventure,692 theaters
My Neighbor Totoro,Fathom Events,484254767,0,Aug 25  2019,1 hr 26 min,Animation,767 theaters
Playmobil: The Movie,STX Entertainment,6565302337,0,Dec 6  2019  Jan 9  2020,1 hr 39 min,Adventure,2337 theaters
Mortal Engines,Universal Pictures,75598503103,0,Dec 14  2018  Jan 17  2019,2 hr 8 min,Action,3103 theaters
Bennett's War,Forrest Films,430898970,0,Aug 30  2019  Sep 26  2019,1 hr 34 min,Sport,970 theaters
Princess Mononoke,Fathom Events,417311752,0,Nov 17  2019,2 hr 14 min,Adventure,752 theaters
Luka Chuppi,Viva Pictures Distribution,485342139,0,Mar 1  2019  Apr 4  2019,2 hr 6 min,Comedy,139 theaters
The Souvenir,A24,784004,0,May 17  2019  Jul 18  2019,2 hr,Drama,145 theaters
Noah: The Musical,Fathom Events,392734602,0,Apr 9  2019  Apr 13  2019,No running time,Genres,669 theaters
El Coyote,Cactus Blue Entertainment,0,0,Oct 4  2019,1 hr 33 min,Action,297 theaters
Perfect Strangers,Pantelion Films,422656132,0,Jan 11  2019  Feb 14  2019,1 hr 37 min,Comedy,132 theaters
Marianne & Leonard: Words of Love,Roadside Attractions,449424,0,Jul 5  2019,1 hr 42 min,Biography,101 theaters
Kiki's Delivery Service,Fathom Events,352556753,0,Jul 28  2019,1 hr 43 min,Adventure,753 theaters
BlacKkKlansman,Focus Features,108453301512,15000000,Aug 10  2018  Mar 1  2019,2 hr 15 min,Biography,1914 theaters
Jesus Is King,IMAX,830000372,0,Oct 25  2019,31 min,Documentary,372 theaters
Rush: Cinema Strangiato 2019,Trafalgar Releasing,25801,0,Aug 21  2019,2 hr,Music,494 theaters
The Fighting Preacher,Purdie Distribution,6022328,0,Jul 24  2019,1 hr 40 min,Comedy,37 theaters
Toni Morrison: The Pieces I Am,Magnolia Pictures,480504,0,Jun 21  2019,2 hr,Documentary,78 theaters
A Hidden Life,Fox Searchlight Pictures,503835,0,Dec 13  2019  Feb 6  2020,2 hr 54 min,Biography,151 theaters
Between Me and My Mind,Trafalgar Releasing,1461416,0,Jul 17  2019,1 hr 40 min,Documentary,488 theaters
Howl's Moving Castle,Fathom Events,368180748,0,Apr 7  2019  Apr 10  2019,1 hr 59 min,Adventure,748 theaters
Pati Patni Aur Woh,Eros International,432145130,0,Dec 6  2019,2 hr 6 min,Comedy,130 theaters
Steel Magnolias,Fathom Events,495528689,0,May 19  2019  May 22  2019,1 hr 57 min,Comedy,689 theaters
Woman at War,Magnolia Pictures,183705,0,Mar 1  2019  Jun 13  2019,1 hr 41 min,Adventure,66 theaters
Alien,Fathom Events,386976682,11000000,Oct 13  2019,1 hr 57 min,Horror,682 theaters
Climax,A24,1194235,0,Mar 1  2019  Apr 11  2019,1 hr 37 min,Drama,217 theaters
Transit,Music Box Films,319312,0,Mar 1  2019  Jun 27  2019,1 hr 41 min,Drama,72 theaters
One Piece: Stampede,FUNimation Entertainment,357740541,0,Oct 24  2019  Nov 8  2019,1 hr 41 min,Action,541 theaters
Chonda Pierce: Unashamed,Fathom Events,0,0,May 7  2019  May 9  2019,1 hr 30 min,Documentary,783 theaters
Student of the Year 2,FIP,462108190,0,May 10  2019  May 23  2019,2 hr 26 min,Drama,190 theaters
The Church,Indican Pictures,272412252,0,May 24  2019  Jun 27  2019,1 hr 21 min,Horror,252 theaters
Patterns of Evidence: Moses Controversy,Fathom Events,217327855,0,Mar 14  2019  Mar 21  2019,2 hr 20 min,Documentary,896 theaters
I Love Lucy: A Colorized Celebration,Fathom Events,0,0,Aug 6  2019,2 hr 35 min,Comedy,634 theaters
Joni 75: A Birthday Celebration,Trafalgar Releasing,3511159,0,Feb 7  2019  Mar 28  2019,2 hr 8 min,Music,405 theaters
The Game Changers,Fathom Events,0,0,Sep 16  2019,1 hr 48 min,Documentary,610 theaters
David Crosby: Remember My Name,Sony Pictures Classics,434834,0,Jul 19  2019,1 hr 35 min,Documentary,67 theaters
More Than Blue,China Lion Film Distribution,18592826,0,Mar 15  2019  Apr 18  2019,1 hr 45 min,Romance,40 theaters
Honeyland,Neon,313812,0,Jul 26  2019,1 hr 29 min,Documentary,56 theaters
Where's My Roy Cohn?,Sony Pictures Classics,412024,0,Sep 20  2019,1 hr 37 min,Documentary,66 theaters
Non-Fiction,IFC Films,298532,0,May 3  2019  Jul 28  2019,1 hr 48 min,Comedy,89 theaters
The Captain,Well Go USA Entertainment,32476947,0,Oct 18  2019,1 hr 51 min,Drama,47 theaters
Raise Hell: The Life & Times of Molly Ivins,Magnolia Pictures,9450418,0,Aug 30  2019,1 hr 33 min,Documentary,42 theaters
Spirits in the Forest,Trafalgar Releasing,232452276,0,Nov 21  2019,1 hr 23 min,Documentary,388 theaters
The Sky Is Pink,PackYourBag Films,334713194,0,Oct 11  2019,2 hr 23 min,Drama,194 theaters
Racetime,Entertainment One,27106186,0,Dec 7  2018  Apr 14  2019,1 hr 29 min,Adventure,86 theaters
Dirty Dancing,Fathom Events,356515650,6000000,Feb 10  2019  Feb 14  2019,1 hr 40 min,Drama,650 theaters
Miles Davis: Birth of the Cool,Abramorama,182581,0,Aug 23  2019,1 hr 55 min,Biography,31 theaters
Roger Waters - Us + Them,Trafalgar Releasing,251842396,0,Oct 2  2019,2 hr 15 min,Documentary,497 theaters
The Muppet Movie,Fathom Events,0,0,Jul 25  2019  Jul 30  2019,1 hr 35 min,Adventure,727 theaters
The White Storm 2: Drug Lords,CMC Pictures,24479554,0,Jul 12  2019  Aug 15  2019,1 hr 39 min,Action,54 theaters
The Least of These: The Graham Staines Story,Fathom Events,282472440,0,Jan 31  2019  Feb 21  2019,1 hr 52 min,Drama,625 theaters
The Chaperone,PBS Distribution,121502,0,Mar 28  2019  Jul 11  2019,1 hr 43 min,Drama,128 theaters
Furie,Well Go USA Entertainment,15612014,0,Mar 1  2019  Apr 11  2019,1 hr 38 min,Action,27 theaters
To Kill a Mockingbird,Fathom Events,357549668,0,Mar 24  2019  Mar 27  2019,2 hr 9 min,Crime,668 theaters
Bethany Hamilton: Unstoppable,Entertainment Studios Motion Pictures,241740205,0,Jul 12  2019,1 hr 40 min,Documentary,205 theaters
The Public,Greenwich Entertainment,259455263,0,Apr 5  2019,1 hr 59 min,Drama,263 theaters
My Fair Lady,Fathom Events,354764652,17000000,Feb 17  2019,2 hr 50 min,Drama,652 theaters
Fiddler: A Miracle of Miracles,Roadside Attractions,364257,0,Aug 23  2019,1 hr 37 min,Documentary,77 theaters
Everybody's Everything,Gunpowder & Sky,6058229,0,Nov 12  2019,1 hr 56 min,Documentary,121 theaters
"DCI 2019: Big, Loud & Live 16",Fathom Events,0,0,Aug 8  2019,No running time,Genres,513 theaters
La femme de mon frère,Entertainment One,5943816,0,Jun 7  2019,1 hr 57 min,Drama,30 theaters
Grateful Dead Meet-Up 2019,Trafalgar Releasing,37864,0,Aug 1  2019,2 hr,Documentary,503 theaters
Code Geass: Lelouch of the Re;Surrection,FUNimation Entertainment,189617479,0,May 5  2019,1 hr 52 min,Action,490 theaters
Shadow,Well Go USA Entertainment,274744,0,May 3  2019,1 hr 56 min,Action,53 theaters
Long Day's Journey Into Night,Kino Lorber,267463,0,Apr 12  2019  Oct 10  2019,2 hr 18 min,Drama,24 theaters
The Spy Behind Home Plate,Ciesla Foundation,102501,0,May 24  2019,1 hr 41 min,Documentary,31 theaters
Wild Nights with Emily,Greenwich Entertainment,302093,0,Apr 12  2019  Jul 4  2019,1 hr 24 min,Comedy,78 theaters
Saving Private Ryan,Fathom Events,265125642,70000000,Jun 2  2019,2 hr 49 min,Drama,642 theaters
Birds of Passage,The Orchard,230822,0,Feb 13  2019  Apr 28  2019,2 hr 5 min,Crime,97 theaters
Tel Aviv on Fire,Cohen Media Group,4754511,0,Aug 2  2019,1 hr 40 min,Comedy,37 theaters
Widows,Twentieth Century Fox,123613072803,42000000,Nov 16  2018  Feb 21  2019,2 hr 9 min,Crime,2803 theaters
Whisper of the Heart,Fathom Events,0,0,Jul 1  2019  Jul 2  2019,1 hr 51 min,Animation,745 theaters
Nausicaä of the Valley of the Wind,Fathom Events,0,0,May 20  2019  May 21  2019,1 hr 57 min,Adventure,751 theaters
Crazy Rich Asians,Warner Bros.,265101403384,30000000,Aug 15  2018  Jan 10  2019,2 hr,Comedy,3865 theaters
Batla House,Viva Pictures Distribution,21264581,0,Aug 15  2019,2 hr 26 min,Action,81 theaters
The Climbers,Well Go USA Entertainment,156096102,0,Sep 30  2019,2 hr 5 min,Action,102 theaters
The Russian Five,Lucky Hat Entertainment,15673236,0,Mar 21  2019  Jul 11  2019,1 hr 42 min,Documentary,44 theaters
The Great Alaskan Race,No Distributor,0,0,Oct 25  2019,1 hr 27 min,Action,447 theaters
Exit,CJ Entertainment,324412,0,Aug 2  2019,1 hr 43 min,Action,19 theaters
Lawrence of Arabia,Fathom Events,291722661,0,Sep 1  2019,3 hr 48 min,Adventure,661 theaters
CatVideoFest,Oscilloscope,112691,0,Feb 15  2019,1 hr 10 min,Reality-TV,103 theaters
Panipat,Reliance Entertainment,295624175,0,Dec 6  2019,2 hr 45 min,Action,175 theaters
Christmas Jars,Fathom Events,0,0,Nov 4  2019,1 hr 50 min,Drama,789 theaters
Gorillaz: Reject False Icons,Trafalgar Releasing,0,0,Dec 16  2019,1 hr 35 min,Documentary,284 theaters
Cruel Intentions,Sony Pictures Releasing,258708708,10500000,Mar 22  2019  Apr 4  2019,1 hr 37 min,Drama,708 theaters
Teen Spirit,Bleecker Street Media,436204,0,No release date,1 hr 33 min,Drama,696 theaters
At Eternity's Gate,CBS Films,928564,0,Nov 16  2018  Feb 10  2019,1 hr 51 min,Biography,178 theaters
Merci pour tout,eOne Entertainment,23190857,0,Dec 25  2019,1 hr 39 min,Comedy,76 theaters
Les Misérables: The Staged Concert,Trafalgar Releasing,192034392,0,Dec 6  2019,2 hr 50 min,Musical,488 theaters
De De Pyaar De,Yash Raj Films,425934104,0,May 17  2019,2 hr 15 min,Comedy,104 theaters
Hail Satan?,Magnolia Pictures,264963,0,Apr 17  2019  Jun 27  2019,1 hr 35 min,Documentary,67 theaters
Ben-Hur,Fathom Events,241792649,15000000,Apr 14  2019  Apr 17  2019,3 hr 32 min,Adventure,649 theaters
Killing Sarai,Pantelion Films,226670160,0,Dec 6  2019  Jan 3  2020,1 hr 46 min,Romance,160 theaters
Fate/stay night [Heaven's Feel] II. lost butterfly,Fathom Events,0,0,Mar 14  2019  Mar 14  2019,1 hr 57 min,Animation,515 theaters
Ash Is Purest White,Cohen Media Group,451507,0,Mar 15  2019  Aug 13  2019,2 hr 16 min,Crime,49 theaters
The Cold Blue,Fathom Events,0,0,May 23  2019  May 23  2019,1 hr 41 min,Documentary,702 theaters
The Reliant,Fathom Events,0,0,Oct 24  2019,2 hr 20 min,Action,722 theaters
The Invisibles,Greenwich Entertainment,271644,0,Jan 25  2019  May 16  2019,1 hr 50 min,Biography,19 theaters
Monos,Neon,498435,0,Sep 13  2019,1 hr 42 min,Adventure,50 theaters
Meet Me in St. Louis,Fathom Events,225684679,1700000,Dec 8  2019,1 hr 53 min,Comedy,679 theaters
"Hello, Dolly!",Fathom Events,221204669,0,Aug 11  2019,2 hr 26 min,Adventure,669 theaters
The Nightingale,IFC Films,358822,0,No release date,2 hr 16 min,Adventure,79 theaters
Mia and the White Lion,Ledafilms Entertainment Group,192816312,0,Apr 12  2019  May 14  2019,1 hr 38 min,Adventure,312 theaters
The Man Who Killed Don Quixote,Screen Media Films,0,0,Apr 10  2019  Jul 14  2019,2 hr 12 min,Adventure,756 theaters
The Wedding Guest,IFC Films,182664,0,Mar 1  2019  Apr 11  2019,1 hr 36 min,Thriller,96 theaters
The Secret World of Arrietty,Fathom Events,226728741,0,Sep 29  2019,1 hr 34 min,Adventure,750 theaters
What We Left Behind: Star Trek DS9,Fathom Events,0,0,May 13  2019  May 13  2019,1 hr 56 min,Documentary,795 theaters
The Cure: Anniversary 1978-2018 Live in Hyde Park,Trafalgar Releasing,3876183,0,Jul 11  2019,2 hr 17 min,Documentary,346 theaters
The Hummingbird Project,The Orchard,342024,0,Mar 15  2019  Apr 28  2019,1 hr 51 min,Drama,232 theaters
Ghostbusters,Fathom Events,239202546,30000000,Oct 6  2019,1 hr 45 min,Action,546 theaters
Matthias & Maxime,Entertainment One,6498850,0,Oct 9  2019,1 hr 59 min,Drama,53 theaters
The Shawshank Redemption,Fathom Events,183128669,25000000,Sep 22  2019,2 hr 22 min,Drama,669 theaters
The Tomorrow Man,Bleecker Street Media,182814,0,May 22  2019  Jun 20  2019,1 hr 34 min,Drama,207 theaters
Star Trek: The Motion Picture,Fathom Events,220007627,35000000,Sep 15  2019,2 hr 12 min,Adventure,627 theaters
Photograph,Amazon Studios,3579613,0,May 17  2019  Jun 13  2019,1 hr 50 min,Drama,123 theaters
Diane,IFC Films,244673,0,Mar 29  2019  May 23  2019,1 hr 35 min,Drama,64 theaters
Millennium Actress,Fathom Events,0,0,Aug 13  2019  Jan 23  2020,1 hr 27 min,Animation,512 theaters
A Silent Voice: The Movie,Fathom Events,0,0,Jan 28  2019,2 hr 10 min,Animation,581 theaters
The Big Fight Live: IBF Welterweight Title: Errol Spence Jr. vs. Mikey Garcia,Fathom Events,328979288,0,Mar 16  2019  Mar 16  2019,3 hr 43 min,Sport,288 theaters
P Storm,CMC Pictures,10407130,0,Apr 4  2019  May 9  2019,1 hr 36 min,Action,30 theaters
National Theatre Live: Fleabag,Fathom Events,0,0,Nov 18  2019,1 hr 20 min,Comedy,399 theaters
Sword of Trust,IFC Films,193322,0,Jul 12  2019,1 hr 28 min,Comedy,78 theaters
Lucy in the Sky,Fox Searchlight Pictures,5405837,0,Oct 4  2019  Oct 31  2019,2 hr 4 min,Drama,231 theaters
You Are Here: A Come From Away Story,Fathom Events,0,0,Sep 11  2019,1 hr 24 min,Documentary,781 theaters
Josh Groban Bridges from Madison Square Garden,Trafalgar Releasing,0,0,Feb 8  2019  Mar 14  2019,No running time,Genres,390 theaters
Bolshoi Ballet: The Sleeping Beauty,Fathom Events,311368355,0,Mar 10  2019,2 hr 50 min,Fantasy,355 theaters
DanTDM Presents The Contest,Fathom Events,307484684,0,Nov 2  2019,No running time,Genres,684 theaters
K-12,Abramorama,0,0,Sep 5  2019  Sep 5  2019,1 hr 36 min,Family,81 theaters
Aquarela,Sony Pictures Classics,247535,0,Aug 16  2019,1 hr 30 min,Documentary,69 theaters
Ask Dr. Ruth,Magnolia Pictures,93128104,0,May 3  2019  Jul 11  2019,1 hr 40 min,Biography,110 theaters
Line Walker 2: Invisible Spy,Well Go USA Entertainment,9699117,0,Aug 16  2019,1 hr 38 min,Action,17 theaters
Junglee,Viva Pictures Distribution,4708970,0,Mar 29  2019  Apr 4  2019,1 hr 55 min,Action,70 theaters
The Giant Spider Invasion,Fathom Events,0,0,Aug 15  2019,1 hr 24 min,Horror,685 theaters
Stockholm,Smith Global Media,0,0,Apr 12  2019  May 19  2019,1 hr 32 min,Biography,122 theaters
The Godfather: Part II,Fathom Events,171417681,13000000,Nov 10  2019,3 hr 22 min,Crime,681 theaters
Killerman,Blue Fox Entertainment,153799322,0,Aug 30  2019  Oct 31  2019,1 hr 52 min,Action,322 theaters
The Bravest,Sony Pictures Releasing,110375150,0,Aug 9  2019  Sep 2  2019,1 hr 58 min,Action,150 theaters
Saga of Tanya the Evil - The Movie,Fathom Events,0,0,May 16  2019  May 16  2019,1 hr 55 min,Action,518 theaters
Khalid: Free Spirit,Trafalgar Releasing,0,0,Apr 3  2019  Apr 4  2019,45 min,Drama,382 theaters
Mike Wallace Is Here,Magnolia Pictures,194373,0,Jul 26  2019,1 hr 30 min,Biography,39 theaters
The Whistleblower,CMC Pictures Holdings,150481133,0,Dec 6  2019,2 hr 14 min,Action,133 theaters
Octaman,Fathom Events,0,0,Apr 18  2019,1 hr 19 min,Horror,668 theaters
The Nutcracker and the Four Realms,Walt Disney Studios Motion Pictures,203524913766,120000000,Nov 2  2018  Jan 17  2019,1 hr 39 min,Adventure,3766 theaters
I Want to Eat Your Pancreas,Fathom Events,111108397,0,Feb 7  2019  Feb 14  2019,1 hr 49 min,Animation,427 theaters
Freaks,Well Go USA Entertainment,161543111,0,Sep 13  2019,1 hr 45 min,Drama,111 theaters
True Grit,Fathom Events,157788614,0,May 5  2019,2 hr 8 min,Adventure,614 theaters
The Tale of The Princess Kaguya,Fathom Events,0,0,Dec 16  2019,2 hr 17 min,Adventure,737 theaters
Shakira in Concert: El Dorado World Tour,Trafalgar Releasing,111273398,0,Nov 13  2019,2 hr 2 min,Documentary,500 theaters
Is It Wrong to Try to Pick Up Girls in a Dungeon - Arrow of the Orion,Fathom Events,0,0,Jul 23  2019  Jul 23  2019,1 hr 22 min,Action,614 theaters
One Child Nation,Amazon Studios,205232,0,No release date,1 hr 28 min,Documentary,36 theaters
Just Mercy,Warner Bros.,1078584,0,No release date,2 hr 17 min,Drama,2457 theaters
Slayer: The Repentless Killogy,Trafalgar Releasing,0,0,Nov 6  2019,2 hr 11 min,Music,494 theaters
Luzia: Cirque du Soleil in Cinema,Fathom Events,0,0,Oct 29  2019,1 hr 35 min,Musical,784 theaters
Out of Liberty,Purdie Distribution,6654635,0,Sep 13  2019,1 hr 51 min,Drama,36 theaters
Modest Heroes,Fathom Events,178027370,0,Jan 10  2019  Jan 12  2019,53 min,Adventure,370 theaters
Smallfoot,Warner Bros.,230456354131,0,Sep 28  2018  Jan 17  2019,1 hr 36 min,Adventure,4131 theaters
Star Raiders: The Adventures of Saber Raine,Fathom Events,0,0,Jun 6  2019  Jun 11  2019,1 hr 23 min,Adventure,665 theaters
Mobile Suit Gundam Narrative,Fathom Events,0,0,Feb 19  2019  Feb 21  2019,1 hr 28 min,Action,449 theaters
Her Smell,Gunpowder & Sky,369413,0,Apr 12  2019  May 23  2019,2 hr 16 min,Drama,69 theaters
Lords of Chaos,Gunpowder & Sky,276494,0,Feb 8  2019  Mar 24  2019,1 hr 58 min,Biography,75 theaters
Bolshoi Ballet: The Nutcracker,Fathom Events,252935401,0,Dec 15  2019,2 hr 30 min,Family,401 theaters
When Harry Met Sally...,Fathom Events,157660660,0,Dec 1  2019,1 hr 35 min,Comedy,660 theaters
I Got the Hook Up 2,Urban Movie Channel,14903637,0,Jul 12  2019  Jul 25  2019,1 hr 47 min,Comedy,40 theaters
Canal Street,Smith Global Media,10825973,0,Jan 18  2019  Feb 14  2019,1 hr 29 min,Drama,73 theaters
Meeting Gorbachev,1091 Media,181282,0,May 3  2019,1 hr 30 min,Biography,42 theaters
The Twilight Zone: A 60th Anniversary Celebration,Fathom Events,0,0,Nov 14  2019,3 hr,Drama,677 theaters
Doctor Who: The End of Time: Part One,Fathom Events,0,0,Aug 7  2019,1 hr,Adventure,745 theaters
Friendsgiving Day #1,Fathom Events,246168766,0,Nov 24  2019,1 hr 50 min,Genres,766 theaters
63 Up,BritBox,139561,0,Nov 27  2019,3 hr,Documentary,28 theaters
311 Enlarged to Show Detail 3,Trafalgar Releasing,0,0,Mar 11  2019,2 hr 13 min,Music,239 theaters
Give Me Liberty,Music Box Films,332613,0,Aug 23  2019,1 hr 50 min,Comedy,18 theaters
American Woman,Roadside Attractions,110552117,0,Jun 14  2019  Jul 18  2019,1 hr 51 min,Drama,117 theaters
Romeo Akbar Walter,Eros International,142102101,0,Apr 5  2019  Apr 25  2019,2 hr 21 min,Action,101 theaters
Premier Boxing Champions: PBC on FOX: Spence vs. Porter,Fathom Events,232973239,0,Sep 28  2019,No running time,Sport,239 theaters
DAZN Boxing: Canelo Alvarez vs. Daniel Jacobs,Fathom Events,230703426,0,May 4  2019  May 4  2019,No running time,Sport,426 theaters
Under the Sea 3D,Warner Bros.,66118549,0,Feb 13  2009,45 min,Documentary,108 theaters
Mine 9,Emphatic Cinema/Levey,6892123,0,Apr 12  2019  Jul 16  2019,1 hr 23 min,Drama,29 theaters
Premier Boxing Champions: PBC on FOX PPV: Pacquiao vs. Thurman,Fathom Events,223858194,0,Jul 20  2019  Jul 20  2019,No running time,Sport,194 theaters
Never Surrender: A Galaxy Quest Documentary,Fathom Events,0,0,Nov 26  2019,1 hr 35 min,Documentary,556 theaters
First Love,Well Go USA Entertainment,211512,0,Sep 27  2019,1 hr 48 min,Comedy,40 theaters
"The Gangster, the Cop, the Devil",Well Go USA Entertainment,7865521,0,Jun 7  2019,1 hr 49 min,Action,21 theaters
The Karate Kid,Fathom Events,140623588,0,Mar 31  2019  Apr 2  2019,2 hr 6 min,Action,588 theaters
The Possession of Hannah Grace,Screen Gems,64017442065,7700000,Nov 30  2018  Feb 21  2019,1 hr 26 min,Horror,2298 theaters
Hamlet,Fathom Events,0,0,Jul 8  2019  Jul 8  2019,3 hr 37 min,Drama,572 theaters
"Faith, Hope & Love",ArtAffects Entertainment,5540318,0,Mar 15  2019  Jun 13  2019,1 hr 46 min,Comedy,18 theaters
Master Z: The Ip Man Legacy,Well Go USA Entertainment,9266361,0,Apr 12  2019  May 2  2019,1 hr 47 min,Action,61 theaters
Kathy Griffin: A Hell of a Story,Fathom Events,0,0,Jul 31  2019  Jul 31  2019,1 hr 46 min,Comedy,648 theaters
Play the Flute,Five & Two Pictures,0,0,Jan 28  2019,1 hr 43 min,Drama,11 theaters
Bolshoi Ballet: Carmen Suite/Petrushka,Fathom Events,207523362,0,May 19  2019  May 19  2019,2 hr 20 min,Genres,362 theaters
The Iron Orchard,Santa Rita Film Co,458638,0,Feb 22  2019  Apr 4  2019,1 hr 52 min,Drama,42 theaters
Hesburgh,Music Box Films,170092,0,No release date,1 hr 46 min,Documentary,36 theaters
Venom,Sony Pictures Releasing,802557564250,100000000,Oct 5  2018  Jan 24  2019,1 hr 52 min,Action,4250 theaters
Forrest Gump,Fathom Events,114767560,55000000,Jun 23  2019,2 hr 22 min,Drama,560 theaters
Dabangg 3,Yash Raj Films,0,0,Dec 20  2019,2 hr 40 min,Action,294 theaters
Blink of an Eye,Fathom Events,0,0,Sep 12  2019,1 hr 28 min,Documentary,517 theaters
Friendsgiving Day #2,Fathom Events,0,0,No release date,1 hr 50 min,Genres,766 theaters
Chasing the Dragon II: Wild Wild Bunch,Well Go USA Entertainment,6097116,0,Jun 7  2019  Jul 18  2019,1 hr 41 min,Action,16 theaters
Family,The Film Arcade,195863,0,Apr 19  2019  May 9  2019,1 hr 25 min,Comedy,107 theaters
A Beautiful Planet,IMAX,223983137,0,Apr 29  2016,46 min,Documentary,155 theaters
Heading Home: The Tale of Team Israel,Menemsha Films,126781,0,Dec 14  2018,1 hr 27 min,Comedy,7 theaters
Bolshoi Ballet: Le Corsaire,Fathom Events,190192383,0,Nov 17  2019,No running time,Genres,383 theaters
The Divine Plan,Fathom Events,0,0,Nov 6  2019,1 hr 45 min,Documentary,0 theaters
Pagalpanti,Eros International,227714116,0,Nov 22  2019,2 hr 29 min,Action,116 theaters
Mr. Klein,Rialto Pictures,159151,0,Sep 6  2019,2 hr 3 min,Crime,6 theaters
42nd Street: The Musical,Fathom Events,0,0,May 1  2019,2 hr 35 min,Musical,515 theaters
The River and the Wall,Gravitas Ventures,5750457,0,May 3  2019,1 hr 37 min,Adventure,57 theaters
To Dust,Good Deed Entertainment,84961,0,Feb 8  2019  Apr 25  2019,1 hr 45 min,Comedy,23 theaters
Giant Little Ones,Vertical Entertainment,130421,0,Mar 1  2019  Apr 11  2019,1 hr 33 min,Drama,32 theaters
Raymonda: Bolshoi Ballet,Fathom Events,181361383,0,Oct 27  2019,2 hr 26 min,Music,383 theaters
Bolshoi Ballet: Raymonda,Fathom Events,181361383,0,Oct 27  2019,No running time,Genres,383 theaters
Robin Hood,Lionsgate,91956702827,100000000,Nov 21  2018  Jan 10  2019,1 hr 56 min,Action,2827 theaters
The Warrior Queen of Jhansi,Roadside Attractions,112208276,0,Nov 15  2019  Nov 28  2019,1 hr 42 min,Action,277 theaters
India's Most Wanted,FIP,98322110,0,May 24  2019  Jun 6  2019,2 hr 3 min,Action,110 theaters
"Iyengar: The Man, Yoga, and the Student's Journey",Kino Lorber,92481,0,Apr 12  2019  Aug 22  2019,1 hr 47 min,Documentary,11 theaters
Tigers Are Not Afraid,Variance Films,307106,0,Aug 21  2019,1 hr 23 min,Fantasy,19 theaters
Marjaavaan,Eros International,10176165,0,Nov 15  2019,2 hr 32 min,Action,65 theaters
Ashfall,Capelight Pictures,362012,0,Dec 19  2019,2 hr 10 min,Action,18 theaters
Bolshoi Ballet: The Golden Age,Fathom Events,171916360,0,Apr 7  2019  Apr 7  2019,2 hr 20 min,Genres,360 theaters
Nureyev: Lifting the Curtain,CineLife Entertainment,63625,0,Apr 19  2019  Aug 2  2019,1 hr 49 min,Documentary,18 theaters
Frankie,Sony Pictures Classics,194354,0,Oct 25  2019,1 hr 40 min,Drama,117 theaters
Indian Horse,Elevation Pictures,0,0,Apr 13  2018,1 hr 41 min,Drama,9 theaters
Asbury Park: Riot Redemption Rock 'n Roll,Trafalgar Releasing,7437205,0,May 22  2019  May 30  2019,1 hr 56 min,Documentary,270 theaters
Bad Guys: The Movie,CJ Entertainment,4523311,0,Sep 20  2019,1 hr 54 min,Action,11 theaters
Bright Ones,Fathom Events,165627614,0,Apr 22  2019,1 hr 22 min,Musical,614 theaters
Sunset,Sony Pictures Classics,138463,0,Mar 22  2019  May 30  2019,2 hr 22 min,Drama,37 theaters
INXS: Baby Live at Wembly Stadium,Fathom Events,0,0,Dec 9  2019,No running time,Genres,516 theaters
Monty Python's Life of Brian,Trafalgar Releasing,1800547,0,Apr 18  2019  May 2  2019,1 hr 34 min,Comedy,125 theaters
"Diana Ross: Her Life, Love and Legacy",Fathom Events,0,0,Mar 26  2019  Mar 28  2019,2 hr 40 min,Genres,623 theaters
Batman,Fathom Events,159419489,35000000,May 4  2019  May 4  2019,2 hr 6 min,Action,489 theaters
Them That Follow,1091 Media,131373,0,Aug 2  2019,1 hr 38 min,Drama,195 theaters
Synonyms,Kino Lorber,178912,0,Oct 25  2019,2 hr 3 min,Comedy,13 theaters
The World Before Your Feet,Greenwich Entertainment,224822,0,Nov 21  2018  Apr 7  2019,1 hr 35 min,Documentary,11 theaters
Money,CJ Entertainment,0,0,Mar 21  2019  May 2  2019,1 hr 55 min,Crime,11 theaters
The Death and Life of John F. Donovan,Entertainment One,3334025,0,Aug 23  2019,2 hr 3 min,Drama,25 theaters
Halston,The Orchard,116431,0,May 24  2019,1 hr 45 min,Biography,30 theaters
Peterloo,Amazon Studios,260023,0,Apr 5  2019  May 2  2019,2 hr 34 min,Drama,92 theaters
Before You Know It,1091 Media,230863,0,Aug 30  2019,1 hr 38 min,Comedy,31 theaters
Jay Myself,Oscilloscope,189091,0,Jul 31  2019,1 hr 19 min,Biography,17 theaters
Glory,Fathom Events,83347435,0,Jul 21  2019,2 hr 2 min,Biography,435 theaters
The Samuel Project,in8 Releasing,110872,0,Sep 28  2018,1 hr 32 min,Drama,2 theaters
Little Woods,Neon,5761033,0,Apr 19  2019  May 16  2019,1 hr 45 min,Crime,33 theaters
Trial by Fire,Roadside Attractions,78817109,0,May 17  2019  May 30  2019,2 hr 7 min,Biography,109 theaters
War and Peace,Janus Films,229761,0,Feb 15  2019,7 hr 2 min,Drama,3 theaters
Dogman,Magnolia Pictures,130133,0,Apr 12  2019  Jul 18  2019,1 hr 43 min,Crime,12 theaters
Framing John DeLorean,IFC Films,69911,0,Jun 7  2019  Jul 28  2019,1 hr 49 min,Biography,28 theaters
Hampstead,IFC Films,1714112,0,Jun 14  2019,1 hr 42 min,Comedy,18 theaters
Doctor Who: Logopolis,Fathom Events,0,0,Mar 13  2019  Mar 13  2019,2 hr 24 min,Genres,428 theaters
Hubble 3D,Warner Bros.,41347739,0,Mar 19  2010,45 min,Documentary,151 theaters
Canelo vs. Kovalev,Fathom Events,140820471,0,Nov 2  2019,No running time,Genres,471 theaters
The Last Resort,Kino Lorber,18441,0,Dec 21  2018  May 9  2019,1 hr 10 min,Documentary,13 theaters
Wilder vs. Ortiz,Fathom Events,139207186,0,Nov 23  2019,4 hr 30 min,Sport,186 theaters
Who Will Write Our History,Abramorama,133901,0,Jan 18  2019  May 2  2019,1 hr 35 min,Documentary,6 theaters
Rafiki,Film Movement,1601626,0,Apr 19  2019,1 hr 23 min,Drama,26 theaters
Lynryd Skynyrd: Last of the Street Survivors Farewell Tour,Fathom Events,0,0,Nov 7  2019,1 hr 50 min,Music,0 theaters
The Other Story,Strand Releasing,141635,0,Jun 28  2019,1 hr 52 min,Drama,11 theaters
Okko's Inn,GKIDS,7631,0,Apr 22  2019  May 9  2019,1 hr 34 min,Adventure,465 theaters
Palau the Movie,Trafalgar Releasing,0,0,Mar 29  2019  Apr 7  2019,2 hr,Biography,135 theaters
Burning,Well Go USA Entertainment,261302,0,Oct 26  2018  Mar 7  2019,2 hr 28 min,Drama,27 theaters
Made in Abyss: Journey's Dawn,Fathom Events,0,0,Mar 20  2019  Mar 25  2019,2 hr 19 min,Adventure,573 theaters
Peppa Celebrates Chinese New Year,STX Entertainment,6691367,0,Feb 6  2019  Feb 19  2019,1 hr 21 min,Animation,67 theaters
Mister America,Magnolia Pictures,100902,0,Oct 9  2019,1 hr 29 min,Comedy,125 theaters
The Zoya Factor,FIP,79517100,0,Sep 20  2019  Oct 3  2019,2 hr 14 min,Comedy,100 theaters
Woodstock,Fathom Events,0,0,Aug 15  2019,3 hr 4 min,Documentary,781 theaters
Paris Is Burning,Janus Films,108391,500000,Jun 14  2019,1 hr 11 min,Documentary,6 theaters
Lost & Found,Hyper Film,0,0,Mar 29  2019  Aug 20  2019,1 hr 36 min,Comedy,6 theaters
Mary Magdalene,IFC Films,4664662,0,Apr 12  2019  May 2  2019,2 hr,Biography,62 theaters
Easy Rider,Fathom Events,74448252,360000,Jul 14  2019  Jul 17  2019,1 hr 35 min,Adventure,252 theaters
Born to Be Wild,Warner Bros.,871478206,0,Apr 8  2011,40 min,Adventure,208 theaters
A Tuba to Cuba,Blue Fox Entertainment,112702,0,Feb 15  2019  Jul 11  2019,1 hr 22 min,Documentary,16 theaters
Avant qu'on explose,Entertainment One,2840235,0,Mar 1  2019  Apr 25  2019,1 hr 48 min,Comedy,35 theaters
Portrait of a Lady on Fire,Neon,673442,0,Dec 6  2019,2 hr 2 min,Drama,268 theaters
The Fall of the American Empire,Entertainment One,33821672,0,Jun 29  2018,2 hr 7 min,Comedy,73 theaters
"Ruben Brandt, Collector",Sony Pictures Classics,60361,0,Feb 15  2019  May 19  2019,1 hr 36 min,Action,43 theaters
The Reports on Sarah and Saleem,Dada Films,101024,0,Jun 12  2019,2 hr 7 min,Crime,11 theaters
Mob Psycho 100,Fathom Events,115766375,0,Jan 5  2019  Jan 5  2019,No running time,Sci-Fi,375 theaters
Police Story,Janus Films,255915,0,Feb 1  2019  Apr 25  2019,1 hr 40 min,Action,7 theaters
Be Natural: The Untold Story of Alice Guy-Blaché,Zeitgeist Films,32371,0,Apr 19  2019,1 hr 43 min,Documentary,14 theaters
The Kingmaker,Greenwich Entertainment,195232,0,Nov 8  2019,1 hr 41 min,Documentary,18 theaters
Babylon,Kino Lorber,212141,0,Mar 8  2019  Aug 11  2019,1 hr 35 min,Drama,9 theaters
Branagh Theatre Live: The Winter's Tale,Trafalgar Releasing,3438092,0,Dec 4  2019,3 hr,Drama,106 theaters
The Audience,Fathom Events,0,0,Jun 3  2019  Jun 3  2019,3 hr,Drama,529 theaters
The Brink,Magnolia Pictures,180634,0,Mar 28  2019  May 30  2019,1 hr 31 min,Documentary,124 theaters
"Belle and Sebastian, Friends for Life",Entertainment One,3801738,0,Jan 25  2019  Apr 4  2019,1 hr 31 min,Adventure,38 theaters
Cold Case Hammarskjöld,Magnolia Pictures,1828510,0,Aug 16  2019,2 hr 8 min,Animation,15 theaters
Downtown 81,Metrograph Pictures,252081,0,Oct 25  2019,1 hr 12 min,Comedy,8 theaters
Miss & Mrs. Cops,CJ Entertainment,150732,0,May 10  2019  Jun 6  2019,1 hr 47 min,Action,9 theaters
Penguin Highway,Eleven Arts,2283384,0,Apr 12  2019  May 19  2019,1 hr 57 min,Adventure,168 theaters
Anthropocene: The Human Epoch,Kino Lorber,160387,0,Sep 25  2019  Dec 19  2019,1 hr 27 min,Documentary,110 theaters
The Divine Fury,Well Go USA Entertainment,4386323,0,Aug 16  2019,2 hr 9 min,Action,23 theaters
Walking on Water,Kino Lorber,106542,0,May 17  2019  Sep 22  2019,1 hr 45 min,Adventure,9 theaters
Mojin: The Worm Valley,Well Go USA Entertainment,5058317,0,Jan 4  2019  Jan 31  2019,1 hr 50 min,Action,17 theaters
Wonders of the Sea,Fathom Events,0,0,Jan 17  2019,1 hr 22 min,Documentary,266 theaters
Mirai,GKIDS,6332569,0,Nov 29  2018  Feb 21  2019,1 hr 38 min,Adventure,780 theaters
Tazza: One-Eyed Jack,Well Go USA Entertainment,4113922,0,Sep 20  2019,2 hr 19 min,Crime,22 theaters
The Third Wife,Film Movement,33391,0,May 15  2019,1 hr 36 min,Drama,8 theaters
The Song of Names,Sony Pictures Classics,3945210,0,Dec 25  2019,1 hr 53 min,Drama,182 theaters
The Image Book,Kino Lorber,1385433,0,Jan 25  2019  Apr 25  2019,1 hr 24 min,Drama,33 theaters
Margaret Atwood: Live in Cinemas,Fathom Events,0,0,Sep 10  2019,1 hr 50 min,News,499 theaters
Rojo,Distrib Films,124792,0,Jul 12  2019,1 hr 49 min,Drama,7 theaters
Always Miss You,China Lion Film Distribution,4672014,0,May 3  2019  May 30  2019,1 hr 38 min,Romance,14 theaters
Mapplethorpe,The Samuel Goldwyn Company,170003,0,Mar 1  2019  Apr 21  2019,1 hr 42 min,Biography,19 theaters
The Crossing,CMC Pictures,4024328,0,Mar 15  2019  Apr 11  2019,1 hr 39 min,Drama,28 theaters
Loopers: The Caddie's Long Walk,Gravitas Ventures,2825368,0,Jun 7  2019,1 hr 20 min,Documentary,68 theaters
My Dear Liar,CMC Pictures Holdings,3678729,0,Nov 8  2019,1 hr 56 min,Drama,29 theaters
A Bigger Splash,Metrograph Pictures,180001,0,Jun 21  2019,1 hr 46 min,Biography,11 theaters
Sound! Euphonium the Movie - Our Promise: A Brand New Day,Fathom Events,0,0,Jul 11  2019  Jul 15  2019,1 hr 40 min,Animation,445 theaters
Varda by Agnès,Janus Films,123902,0,Nov 22  2019,1 hr 55 min,Biography,10 theaters
Take Point,CJ Entertainment,211892,0,Dec 27  2018  Jan 24  2019,1 hr 59 min,Action,25 theaters
Ramen Shop,Strand Releasing,53032,0,Mar 22  2019  Jun 27  2019,1 hr 29 min,Drama,10 theaters
The Lumber Baron,Indican Pictures,1505911,0,May 24  2019  Sep 1  2019,2 hr,Drama,11 theaters
Jim Allison: Breakthrough,Dada Films,86793,0,Sep 27  2019,1 hr 30 min,Documentary,10 theaters
ECCO,Citadel Film Group,48205155,0,Aug 9  2019,2 hr 3 min,Crime,155 theaters
Sonchiriya,PackYourBag Films,6017070,0,Mar 1  2019  Mar 14  2019,2 hr 23 min,Action,70 theaters
The Chambermaid,Kino Lorber,54901,0,Jun 28  2019  Nov 21  2019,1 hr 42 min,Drama,5 theaters
Cyrano de Bergerac,Fathom Events,0,0,Jan 23  2019,No running time,Genres,301 theaters
Mayday Life,China Lion Film Distribution,477698,0,May 31  2019  Jun 13  2019,1 hr 52 min,Music,11 theaters
Skid Row Marathon,Fathom Events,84997438,0,Oct 14  2019,1 hr 25 min,Documentary,438 theaters
Papi Chulo,Blue Fox Entertainment,72572,0,Jun 7  2019  Aug 15  2019,1 hr 38 min,Comedy,16 theaters
Woodstock,PBS Distribution,81502,0,May 24  2019  Jul 7  2019,1 hr 46 min,Documentary,11 theaters
Once Upon a Deadpool,Twentieth Century Fox,26832001566,110000000,Dec 12  2018  Jan 24  2019,1 hr 59 min,Action,1566 theaters
Looking Up,China Lion Film Distribution,3654113,0,Jul 19  2019  Aug 4  2019,2 hr 27 min,Drama,13 theaters
High Strung Free Dance,Atlas Distribution Company,54601106,0,Oct 11  2019,1 hr 43 min,Music,106 theaters
Ms. Purple,Oscilloscope,157341,0,Sep 6  2019,1 hr 27 min,Drama,23 theaters
The Old Man & the Gun,Fox Searchlight Pictures,1421315,0,No release date,1 hr 33 min,Biography,1042 theaters
Swing Kids,Well Go USA Entertainment,4395215,0,Dec 21  2018  Jan 27  2019,2 hr 13 min,Drama,21 theaters
Saint Judy,Blue Fox Entertainment,3927555,0,Mar 1  2019  Apr 4  2019,1 hr 46 min,Biography,55 theaters
The Heiresses,Distrib Films,113042,0,Jan 16  2019  Jun 6  2019,1 hr 38 min,Drama,6 theaters
A Faithful Man,Kino Lorber,73211,0,Jul 19  2019  Nov 8  2019,1 hr 15 min,Comedy,6 theaters
Ploey,Viva Pictures Distribution,0,0,Apr 26  2019,1 hr 23 min,Adventure,20 theaters
Fast Colour,Lionsgate,3759425,0,Apr 19  2019  May 16  2019,1 hr 40 min,Drama,25 theaters
Christ Stopped at Eboli,Rialto Pictures,90061,0,Apr 3  2019,2 hr 30 min,Drama,3 theaters
Triple Threat,Well Go USA Entertainment,593612,0,Mar 19  2019,1 hr 36 min,Action,12 theaters
"Hale County This Morning, This Evening",The Cinema Guild,86402,0,Sep 14  2018  Apr 20  2019,1 hr 16 min,Documentary,8 theaters
Savage,Well Go USA Entertainment,3659019,0,May 3  2019  May 23  2019,1 hr 52 min,Action,19 theaters
5B,Verizon Media/RYOT,38314128,0,Jun 14  2019  Jul 11  2019,1 hr 34 min,Documentary,128 theaters
Working Woman,Zeitgeist Films,38752,0,Mar 27  2019  Jun 30  2019,1 hr 33 min,Drama,7 theaters
Cliffs of Freedom,Round Hill Media,163506,0,Mar 1  2019  Apr 18  2019,2 hr 17 min,Drama,10 theaters
3 Faces,Kino Lorber,70651,0,Mar 8  2019  Jul 4  2019,1 hr 40 min,Drama,7 theaters
Storm Boy,Good Deed Entertainment,4667656,0,Apr 5  2019  Apr 25  2019,1 hr 39 min,Adventure,56 theaters
Free Trip to Egypt,Fathom Events,4081,0,Jun 12  2019  Jun 12  2019,1 hr 38 min,Adventure,447 theaters
The Battle of Jangsari,Well Go USA Entertainment,85522,0,Oct 4  2019,1 hr 44 min,Action,20 theaters
Styx,Film Movement,34201,0,Feb 27  2019  Jun 13  2019,1 hr 34 min,Drama,17 theaters
Batman Returns,Fathom Events,0,80000000,May 6  2019  May 6  2019,2 hr 6 min,Action,507 theaters
Edie,Music Box Films,88017,0,Sep 6  2019  Dec 26  2019,1 hr 42 min,Drama,11 theaters
Diamantino,Kino Lorber,64121,0,May 24  2019  Sep 5  2019,1 hr 36 min,Comedy,5 theaters
The Body,Eros International,4599678,0,Dec 13  2019,1 hr 41 min,Mystery,78 theaters
The Silence of Others,Argot Pictures,78681,0,May 8  2019,1 hr 36 min,Documentary,6 theaters
The Divine Move 2: The Wrathful,CJ Entertainment,122692,0,Nov 15  2019,1 hr 46 min,Action,10 theaters
Being Frank,The Film Arcade,163923,0,Jun 14  2019  Jul 11  2019,1 hr 49 min,Comedy,13 theaters
Cunningham,Magnolia Pictures,184224,0,Dec 13  2019,1 hr 33 min,Biography,23 theaters
This Changes Everything,Fathom Events,0,0,Jul 22  2019  Jul 22  2019,1 hr 36 min,Documentary,367 theaters
End of the Century,The Cinema Guild,100631,0,Aug 16  2019,1 hr 24 min,Drama,6 theaters
Beautiful Boy,Amazon Studios,2188884,0,No release date,2 hr,Biography,776 theaters
Sauvage / Wild,Strand Releasing,74401,0,Apr 10  2019  Jun 13  2019,1 hr 39 min,Drama,7 theaters
The Mountain,Kino Lorber,157852,0,Jul 26  2019  Oct 31  2019,1 hr 46 min,Drama,15 theaters
Last Year at Marienbad,Janus Films,76441,0,May 17  2019,1 hr 34 min,Drama,5 theaters
By the Grace of God,Music Box Films,77652,0,Oct 18  2019,2 hr 17 min,Crime,11 theaters
John Fogerty: 50 Year Trip - Live at Red Rocks,Fathom Events,0,0,Nov 11  2019,1 hr 50 min,Music,459 theaters
Mickey and the Bear,Utopia,93751,0,Nov 15  2019,1 hr 28 min,Drama,22 theaters
Heavy Water,Fathom Events,0,0,Jun 13  2019  Jun 13  2019,1 hr 24 min,Documentary,284 theaters
Maria By Callas,Sony Pictures Classics,9191516,0,Nov 2  2018  Feb 14  2019,1 hr 59 min,Biography,149 theaters
The Hate U Give,Twentieth Century Fox,51203536,23000000,No release date,2 hr 13 min,Crime,2375 theaters
Plácido Domingo Gala,Fathom Events,52502217,0,Sep 7  2019,2 hr,Genres,217 theaters
One Cut of the Dead,Variance Films,63602,0,Sep 13  2019,1 hr 36 min,Comedy,7 theaters
QT8: The First Eight,Fathom Events,0,0,Oct 21  2019,1 hr 43 min,Documentary,459 theaters
Greener Grass,IFC Films,93052,0,Oct 18  2019,1 hr 35 min,Comedy,36 theaters
"Cyrano, My Love",Roadside Attractions,0,0,Feb 8  2019,1 hr 50 min,Comedy,18 theaters
Making Waves: The Art of Cinematic Sound,Matson Films,123483,0,Oct 25  2019,1 hr 34 min,Documentary,11 theaters
Ophelia,IFC Films,2214558,0,Jun 28  2019  Jul 28  2019,1 hr 54 min,Drama,58 theaters
Clinton Road,Nocturnal Features,3888010,0,Jun 14  2019  Jun 20  2019,1 hr 17 min,Horror,10 theaters
"Love, Antosha",Lurker Films,71501,0,Aug 2  2019,1 hr 32 min,Biography,10 theaters
Free Trip to Egypt,Independent,17181,0,May 31  2019,1 hr 38 min,Adventure,5 theaters
The Bounty Killer,Indican Pictures,2080515,0,Jan 25  2019  Feb 21  2019,1 hr 27 min,Action,15 theaters
The Final Wish,Fathom Events,0,0,Jan 24  2019,1 hr 35 min,Horror,150 theaters
The Queen,Kino Lorber,71731,0,Jun 28  2019,1 hr 8 min,Documentary,7 theaters
Becoming Astrid,Music Box Films,53613,0,Nov 23  2018  Mar 28  2019,2 hr 3 min,Biography,16 theaters
Under the Silver Lake,A24,352702,0,Apr 19  2019  Apr 25  2019,2 hr 19 min,Crime,2 theaters
Sympathy for the Devil,eOne Entertainment,121446,0,Nov 29  2019,1 hr 40 min,War,8 theaters
¡He matado a mi marido!,"Hammond Entertainment, LLC",1836511,0,Mar 1  2019  Jun 20  2019,1 hr 48 min,Comedy,11 theaters
High on the Hog,Indican Pictures,151255,0,Apr 19  2019  Jun 20  2019,1 hr 25 min,Action,6 theaters
The Proposal,Oscilloscope,104491,0,May 24  2019  Jul 18  2019,1 hr 26 min,Documentary,6 theaters
What Is Democracy?,Zeitgeist Films,62841,0,Jan 16  2019  Apr 25  2019,1 hr 47 min,Documentary,6 theaters
Maze,Lightyear Entertainment,83082,0,Mar 22  2019  May 12  2019,1 hr 32 min,Crime,9 theaters
American Dharma,Utopia,72871,0,Nov 1  2019,1 hr 35 min,Biography,11 theaters
Carmine Street Guitars,Abramorama,60901,0,Apr 24  2019  Jun 13  2019,1 hr 20 min,Documentary,5 theaters
The Star,Sony Pictures Releasing,43510623,20000000,Dec 7  2019,1 hr 26 min,Adventure,623 theaters
Fagara,China Lion Film Distribution,2520613,0,Sep 13  2019  Oct 3  2019,1 hr 58 min,Comedy,13 theaters
Immortal Hero,Freestyle Releasing,2062912,0,Oct 18  2019,1 hr 58 min,Drama,12 theaters
Vita & Virginia,IFC Films,34081,0,Aug 23  2019,1 hr 50 min,Biography,32 theaters
For Sama,PBS Distribution,93503,0,Jul 26  2019,1 hr 40 min,Documentary,4 theaters
Midnight Traveler,Oscilloscope,35491,0,Sep 18  2019,1 hr 28 min,Documentary,7 theaters
Clemency,Neon,354442,0,Dec 27  2019,1 hr 52 min,Drama,127 theaters
Charlie Says,IFC Films,2068438,0,May 10  2019  May 23  2019,1 hr 50 min,Biography,38 theaters
Slut in a Good Way,Comedy Dynamics,215677,0,Mar 28  2019  Apr 7  2019,1 hr 29 min,Comedy,7 theaters
Aniara,Magnolia Pictures,1929719,0,May 17  2019  Jun 13  2019,1 hr 46 min,Drama,19 theaters
Zilla and Zoe,Indican Pictures,113924,0,May 17  2019  Sep 1  2019,1 hr 44 min,Comedy,5 theaters
Shed of the Dead,Indican Pictures,1896010,0,May 17  2019  Jun 20  2019,1 hr 22 min,Comedy,10 theaters
The Raft,Metrograph Pictures,0,0,Jun 7  2019,1 hr 37 min,Documentary,8 theaters
The Cave,National Geographic Entertainment,211852,0,Oct 18  2019,1 hr 47 min,Documentary,10 theaters
Batman Forever,Fathom Events,38014434,100000000,May 12  2019  May 12  2019,2 hr 1 min,Action,434 theaters
Union,Indican Pictures,119004,0,Aug 2  2019  Nov 7  2019,2 hr 15 min,Drama,6 theaters
The Quiet One,IFC Films,76956,0,Jun 21  2019  Jul 28  2019,1 hr 38 min,Documentary,13 theaters
The Death of Dick Long,A24,2663030,0,Sep 27  2019,1 hr 40 min,Comedy,30 theaters
The Sower,Film Movement,41282,0,Mar 1  2019  May 30  2019,1 hr 38 min,Drama,5 theaters
Buñuel in the Labyrinth of the Turtles,GKIDS,56912,0,Aug 16  2019,1 hr 20 min,Animation,8 theaters
Yardie,Rialto Pictures,2205677,0,Mar 15  2019  Mar 28  2019,1 hr 41 min,Crime,77 theaters
Britt-Marie Was Here,Cohen Media Group,40903,0,Sep 20  2019,1 hr 37 min,Comedy,11 theaters
Loro,IFC Films,53171,0,Sep 20  2019,2 hr 31 min,Biography,11 theaters
White Snake,GKIDS,27911,0,Nov 15  2019,1 hr 39 min,Action,21 theaters
Love Live! Sunshine!! The School Idol Movie: Over The Rainbow,FUNimation Entertainment,0,0,Aug 5  2019,1 hr 40 min,Animation,30 theaters
The Wild Pear Tree,The Cinema Guild,49231,0,Jan 30  2019,3 hr 8 min,Drama,5 theaters
Killer Unicorn,Indican Pictures,155155,0,Jun 14  2019  Sep 1  2019,1 hr 14 min,Horror,5 theaters
Moonlight Sonata: Deafness in Three Movements,Abramorama,54241,0,Sep 13  2019,1 hr 30 min,Documentary,12 theaters
An Elephant Sitting Still,KimStim,108541,0,Mar 8  2019  Mar 28  2019,3 hr 50 min,Drama,2 theaters
Knife + Heart,Altered Innocence,47282,0,Mar 15  2019  May 9  2019,1 hr 42 min,Drama,6 theaters
An Acceptable Loss,IFC Films,34471,0,Jan 18  2019  Feb 7  2019,1 hr 42 min,Drama,25 theaters
10E,in8 Releasing,288632,0,Sep 27  2019,No running time,Comedy,2 theaters
Ága,Big World Pictures,25531,0,Sep 4  2019,1 hr 36 min,Drama,3 theaters
Desolation Center,Matson Films,49383,0,Sep 13  2019,1 hr 33 min,Documentary,10 theaters
Gift,Matson Films,42552,0,Oct 11  2019,1 hr 30 min,Documentary,10 theaters
Buddy,Grasshopper Film,0,0,Mar 20  2019,1 hr 26 min,Documentary,4 theaters
Horn from the Heart: The Paul Butterfield Story,Abramorama,30861,0,Oct 17  2018  Jan 24  2019,1 hr 35 min,Biography,2 theaters
Pasolini,Kino Lorber,83621,0,May 10  2019  Aug 15  2019,1 hr 24 min,Biography,4 theaters
Space Station 3D,IMAX,48948824,0,Apr 19  2002,47 min,Documentary,64 theaters
Sorry Angel,Strand Releasing,65591,0,Feb 15  2019  May 9  2019,2 hr 12 min,Drama,4 theaters
Los Reyes,Grasshopper Film,56612,0,Aug 16  2019,1 hr 18 min,Documentary,4 theaters
The Nun,Rialto Pictures,62731,0,Jan 4  2019  Mar 10  2019,2 hr 20 min,Drama,5 theaters
Deep Sea,Warner Bros.,70021343,0,Mar 3  2006,41 min,Documentary,47 theaters
Lionel Richie at Glastonbury,Fathom Events,0,0,Nov 19  2019,1 hr 40 min,Music,288 theaters
The Ground Beneath My Feet,Strand Releasing,32951,0,Jul 26  2019,1 hr 48 min,Drama,4 theaters
Vault,Grindstone Entertainment,0,0,Jun 7  2019  Jun 13  2019,1 hr 39 min,Action,2 theaters
Recorder: The Marion Stokes Project,Zeitgeist Films,82161,0,Nov 15  2019,1 hr 27 min,Documentary,5 theaters
Batman & Robin,Fathom Events,0,125000000,May 14  2019  May 14  2019,2 hr 5 min,Action,429 theaters
In the Aisles,Music Box Films,9221,0,Jun 14  2019,2 hr 5 min,Drama,6 theaters
Hotel by the River,The Cinema Guild,55341,0,Feb 15  2019  Jun 27  2019,1 hr 36 min,Drama,4 theaters
The Wind,IFC Films,1413830,0,Apr 5  2019  Apr 18  2019,1 hr 26 min,Horror,30 theaters
The Load,Grasshopper Film,40941,0,Aug 30  2019,1 hr 38 min,Drama,2 theaters
El Norte,Fathom Events,27920179,0,Sep 15  2019,2 hr 21 min,Drama,179 theaters
Kind Hearts and Coronets,Rialto Pictures,80041,0,Nov 27  2019,1 hr 46 min,Comedy,3 theaters
"Leaving Home, Coming Home: A Portrait of Robert Frank",Greenwich Entertainment,42481,0,May 29  2019,1 hr 25 min,Documentary,3 theaters
The Day Shall Come,IFC Films,1485430,0,Sep 27  2019,1 hr 27 min,Comedy,30 theaters
Memory: The Origins of Alien,Screen Media Films,1470419,0,Oct 4  2019,1 hr 35 min,Documentary,19 theaters
Wrestle,Oscilloscope,60271,0,Feb 22  2019  Apr 21  2019,1 hr 36 min,Documentary,5 theaters
Donnybrook,IFC Films,980280,0,Feb 15  2019  Feb 27  2019,1 hr 41 min,Drama,80 theaters
Neither Wolf Nor Dog,InYo Entertainment,0,0,Jan 20  2017,1 hr 50 min,Drama,1 theater
Asako I & II,Grasshopper Film,56902,0,May 17  2019,1 hr 59 min,Drama,3 theaters
Return of the Hero,Distrib Films,7611,0,Aug 30  2018  Jan 31  2019,1 hr 30 min,Comedy,3 theaters
Invisible Life,Amazon Studios,81272,0,Dec 20  2019,2 hr 19 min,Drama,18 theaters
Chasing Einstein,Atlas Distribution Company,97084,0,Sep 13  2019,1 hr 22 min,Documentary,4 theaters
Vox Lux,Neon,1557146,0,Dec 7  2018  Jan 6  2019,1 hr 54 min,Drama,325 theaters
Piranhas,Music Box Films,28981,0,No release date,1 hr 45 min,Crime,10 theaters
Wildlife,IFC Films,1045894,0,Oct 19  2018,1 hr 45 min,Drama,105 theaters
Celebration,KimStim,50341,0,Oct 2  2019,1 hr 14 min,Documentary,1 theater
Night School,Universal Pictures,272576153010,29000000,Sep 28  2018  Jan 3  2019,1 hr 51 min,Comedy,3019 theaters
Hyènes,Metrograph Pictures,0,0,Apr 19  2019,1 hr 50 min,Comedy,4 theaters
Light from Light,Grasshopper Film,47192,0,Nov 1  2019,1 hr 22 min,Drama,5 theaters
Island of Lemurs: Madagascar,Warner Bros.,18830737,0,Apr 4  2014,39 min,Adventure,302 theaters
Jane and Emma,Excel Entertainment,8451221,0,Oct 12  2018  Feb 28  2019,1 hr 30 min,Drama,29 theaters
Wicked Witches,Nocturnal Features,2160010,0,Aug 9  2019,1 hr 19 min,Horror,10 theaters
The Hole in the Ground,A24,903024,0,Mar 1  2019  Mar 7  2019,1 hr 30 min,Drama,24 theaters
Redoubt,Grasshopper Film,52531,0,Nov 1  2019,2 hr 14 min,Drama,3 theaters
The Gospel of Eureka,Kino Lorber,35171,0,Feb 8  2019  Apr 11  2019,1 hr 15 min,Documentary,3 theaters
The All Americans,Abramorama,78053,0,Nov 8  2019,No running time,Adult,5 theaters
Light of My Life,Saban Films,935828,0,Aug 9  2019,1 hr 59 min,Drama,68 theaters
General Magic,Gravitas Ventures,22675,0,May 10  2019,1 hr 33 min,Documentary,5 theaters
The Sound of Silence,IFC Films,54492,0,Sep 13  2019,1 hr 25 min,Drama,31 theaters
Prassthanam,PackYourBag Films,1273732,0,Sep 20  2019,2 hr 21 min,Action,32 theaters
The Perfect Race,Five & Two Pictures,34001,0,Oct 14  2019,No running time,Drama,2 theaters
Armstrong,Gravitas Ventures,307112,0,Jul 12  2019  Jul 25  2019,1 hr 40 min,Biography,45 theaters
Girls of the Sun,Cohen Media Group,78018,0,Apr 12  2019  Apr 25  2019,1 hr 55 min,Drama,11 theaters
Out of Blue,IFC Films,1171935,0,Mar 22  2019  Mar 28  2019,1 hr 49 min,Crime,35 theaters
Black Mother,Grasshopper Film,0,0,Mar 9  2019  Jun 13  2019,1 hr 17 min,Documentary,4 theaters
Before Stonewall,First Run,45881,0,Jun 21  2019  Jul 11  2019,1 hr 27 min,Documentary,2 theaters
The Return of Martin Guerre,Cohen Media Group,86822,0,Jul 5  2019  Jul 18  2019,2 hr 2 min,Biography,2 theaters
Midnight Diner,Well Go USA Entertainment,1086113,0,Sep 20  2019,1 hr 43 min,Drama,13 theaters
"Phoenix, Oregon",Joma Films,29811,0,May 2  2019  Jun 20  2019,1 hr 48 min,Comedy,6 theaters
The Cranes Are Flying,Janus Films,0,0,Jul 12  2019,1 hr 35 min,Drama,2 theaters
The House That Jack Built,IFC Films,3427332,0,Dec 14  2018  Jan 24  2019,2 hr 32 min,Crime,32 theaters
Citizen K,Greenwich Entertainment,105711,0,Nov 22  2019,2 hr 6 min,Documentary,15 theaters
Ode to Joy,IFC Films,35682,0,Aug 9  2019,1 hr 37 min,Comedy,16 theaters
Scandalous: The True Story of the National Enquirer,Magnolia Pictures,1083712,0,Nov 15  2019,1 hr 37 min,Documentary,13 theaters
Joseph Pulitzer: Voice of the People,First Run,56861,0,Mar 1  2019  Mar 17  2019,1 hr 24 min,Documentary,5 theaters
Ballon,Distrib Films,0,0,Sep 6  2019,2 hr 5 min,Drama,5 theaters
Too Late to Die Young,KimStim,61961,0,May 31  2019  Jun 13  2019,1 hr 50 min,Drama,4 theaters
Tremors,Film Movement,33404,0,Nov 29  2019,1 hr 47 min,Drama,6 theaters
Chained for Life,Kino International,74152,0,Sep 13  2019  Jan 9  2020,1 hr 31 min,Drama,3 theaters
Three Peaks,Greenwich Entertainment,14191,0,Jun 28  2019,1 hr 34 min,Drama,7 theaters
Virginia Minnesota,Indican Pictures,38442,0,Mar 1  2019  May 2  2019,1 hr 38 min,Comedy,2 theaters
Piercing,Greenwich Entertainment,875218,0,Feb 1  2019  Feb 14  2019,1 hr 21 min,Horror,18 theaters
Starfish,Yellow Veil Pictures,0,0,Mar 15  2019  Apr 25  2019,1 hr 39 min,Drama,6 theaters
Little Joe,Magnolia Pictures,1062612,0,Dec 6  2019,1 hr 45 min,Drama,12 theaters
To the Arctic 3D,Warner Bros.,27022850,0,Apr 20  2012,40 min,Documentary,52 theaters
A Private War,Aviron Pictures,604914,0,No release date,1 hr 50 min,Biography,865 theaters
Airpocalypse,China Lion Film Distribution,3536321,0,Dec 21  2018  Jan 10  2019,1 hr 45 min,Action,21 theaters
Trinity Seven The Movie 2: Heavens Library & Crimson Lord,Atlas Distribution Company,1485318,0,Mar 29  2019  Apr 1  2019,1 hr 3 min,Action,95 theaters
Midnight Family,1091 Media,30301,0,Dec 6  2019,1 hr 21 min,Action,13 theaters
Galapagos,IMAX,0,0,Oct 29  1999,39 min,Documentary,14 theaters
Funan,GKIDS,18711,0,Jun 7  2019  Jul 11  2019,1 hr 24 min,Animation,5 theaters
El Angel,The Orchard,233482,0,Nov 9  2018  Jan 17  2019,1 hr 58 min,Biography,11 theaters
Wrinkles the Clown,Magnolia Pictures,2824821,0,Oct 4  2019,1 hr 15 min,Comedy,21 theaters
ZZ Top: That Little Ol' Band from Texas,Abramorama,0,0,Aug 19  2019,1 hr 31 min,Biography,8 theaters
Frank and Ava,Hannover House,30801,0,Dec 7  2018  Jun 6  2019,1 hr 50 min,Biography,3 theaters
Our Time,Monument Releasing,30001,0,Jun 14  2019,2 hr 57 min,Drama,4 theaters
The Competition,Metrograph Pictures,0,0,Feb 22  2019,2 hr 1 min,Documentary,7 theaters
Boy Erased,Focus Features,2070575,0,No release date,1 hr 55 min,Biography,672 theaters
Combat Obscura,Oscilloscope,1011210,0,Mar 15  2019  Apr 4  2019,1 hr 10 min,Documentary,11 theaters
Screwball,Greenwich Entertainment,859513,0,Mar 29  2019  Apr 25  2019,1 hr 45 min,Documentary,13 theaters
Touch Me Not,Kino Lorber,56161,0,Jan 11  2019  Mar 7  2019,2 hr 3 min,Drama,1 theater
My Son,Cohen Media Group,47503,0,May 10  2019  May 27  2019,1 hr 24 min,Drama,5 theaters
This One's for the Ladies,Super,136881,0,Jun 7  2019,1 hr 22 min,Documentary,21 theaters
First Man,Universal Pictures,160060653640,59000000,Oct 12  2018  Jan 3  2019,2 hr 21 min,Biography,3640 theaters
The Cat Rescuers,Balcony Releasing,42523,0,Jul 5  2019  Jul 11  2019,1 hr 27 min,Documentary,3 theaters
The House with a Clock in Its Walls,Universal Pictures,266080203592,42000000,Sep 21  2018  Jan 3  2019,1 hr 45 min,Comedy,3592 theaters
Rapid Response,Atlas Distribution Company,44978,0,Sep 6  2019,1 hr 39 min,Documentary,10 theaters
Hagazussa,Doppelganger Releasing,604111,0,Apr 19  2019  May 30  2019,1 hr 42 min,Drama,14 theaters
The Woman Who Loves Giraffes,Zeitgeist Films,18102,0,Oct 4  2019,2 hr 3 min,Documentary,22 theaters
Off Season,Indican Pictures,25362,0,Mar 15  2019  May 23  2019,1 hr 26 min,Drama,2 theaters
The White Sheik,Rialto Pictures,55621,0,Dec 25  2019,1 hr 26 min,Comedy,3 theaters
Journey to the South Pacific,IMAX,81371,0,Nov 27  2013,40 min,Documentary,19 theaters
Bricked,GathrFilms,0,0,Jan 24  2019,1 hr 32 min,Drama,7 theaters
Zen for Nothing,Zeitgeist Films,12682,0,Mar 29  2019  Jun 20  2019,1 hr 40 min,Documentary,4 theaters
Imprisoned,Cinema Libre Studio,43811,0,Sep 13  2019,1 hr 44 min,Drama,2 theaters
Quartet,Cohen Media Group,51501,0,May 3  2019  May 19  2019,1 hr 41 min,Drama,1 theater
"Cassandro, The Exotico!",Film Movement,22691,0,Jul 19  2019,1 hr 13 min,Documentary,4 theaters
Liyana,Abramorama,21601,0,Oct 10  2018  Apr 11  2019,1 hr 17 min,Animation,4 theaters
The Charmer,Film Movement,41281,0,Dec 5  2018  Jan 24  2019,1 hr 40 min,Drama,3 theaters
The Disappearance of My Mother,Kino Lorber,0,0,Dec 6  2019,1 hr 34 min,Documentary,3 theaters
Stuffed,Music Box Films,16021,0,Oct 16  2019,1 hr 24 min,Documentary,3 theaters
Vision Portraits,Stimulus Pictures,0,0,Aug 9  2019,1 hr 18 min,Documentary,3 theaters
That Part Feeling - the Universe of Arvo Part,Film Movement,0,0,Jun 3  2019,1 hr 15 min,Documentary,3 theaters
Between the Lines,Cohen Media Group,0,0,Feb 22  2019,1 hr 41 min,Comedy,18 theaters
Yomeddine,Strand Releasing,40134,0,May 31  2019,1 hr 37 min,Adventure,4 theaters
In Like Flynn,Blue Fox Entertainment,664627,0,Jan 25  2019,1 hr 46 min,Action,27 theaters
Made Me Do It,Indican Pictures,38422,0,Apr 12  2019  Jun 20  2019,1 hr 30 min,Drama,2 theaters
Ferrante Fever,Greenwich Entertainment,35091,0,Mar 8  2019  Apr 25  2019,1 hr 14 min,Documentary,3 theaters
I Do Not Care If We Go Down in History as Barbarians,Big World Pictures,20831,0,Jul 19  2019,2 hr 20 min,Comedy,2 theaters
Suburban Birds,The Cinema Guild,32071,0,Apr 5  2019,1 hr 58 min,Drama,3 theaters
16 Bars,Lightyear Entertainment,26621,0,Nov 8  2019,1 hr 34 min,Documentary,4 theaters
If the Dancer Dances,Monument Releasing,50001,0,Apr 26  2019  May 16  2019,1 hr 30 min,Documentary,6 theaters
Duet for Cannibals,Metrograph Pictures,0,0,Nov 22  2019,1 hr 45 min,Drama,4 theaters
Shooting the Mafia,Cohen Media Group,32512,0,Nov 22  2019,1 hr 34 min,Biography,3 theaters
Angels Are Made Of Light,Grasshopper Film,17071,0,Jul 26  2019,1 hr 57 min,Documentary,2 theaters
Daughter of Mine,Strand Releasing,54472,0,Feb 1  2019  Feb 14  2019,1 hr 37 min,Drama,2 theaters
The Eyes of Orson Welles,Janus Films,23721,0,Mar 15  2019  Apr 18  2019,1 hr 55 min,Documentary,2 theaters
Round of Your Life,Ammo Content,43364,0,Jun 21  2019,1 hr 31 min,Family,9 theaters
Around India with a Movie Camera,Icarus Films,1831,0,Nov 30  2018,1 hr 12 min,Documentary,1 theater
Olivia,Icarus Films,39483,0,Aug 16  2019,1 hr 35 min,Drama,3 theaters
Streetwise,Janus Films,50061,0,Jul 19  2019  Aug 1  2019,1 hr 31 min,Documentary,1 theater
Tyrel,Magnolia Pictures,60595,0,Dec 7  2018  Feb 7  2019,1 hr 26 min,Comedy,5 theaters
Fritz Lang's Indian Epic,Film Movement,44011,0,Sep 27  2019,3 hr 23 min,Genres,1 theater
The Spanish Prisoner,Ammo Content,26791,0,Apr 26  2019,1 hr 50 min,Drama,1 theater
Studio 54,Zeitgeist Films,149091,0,Oct 5  2018  Feb 28  2019,1 hr 38 min,Documentary,14 theaters
When Lambs Become Lions,Oscilloscope,31551,0,Nov 22  2019,1 hr 19 min,Documentary,2 theaters
Cracked Up,Abramorama,53101,0,Sep 13  2019,1 hr 35 min,Documentary,1 theater
Frantz Fanon: Black Skin White Mask,Film Movement,32781,0,Mar 15  2019,1 hr 10 min,Biography,1 theater
Colossal Youth,Giant Steps Productions,0,0,Aug 3  2018,1 hr 38 min,Comedy,1 theater
The Dead Center,Arrow Films,532510,0,Oct 11  2019,1 hr 32 min,Horror,10 theaters
The Etruscan Smile,Lightyear Entertainment,67294,0,Nov 8  2019,1 hr 47 min,Drama,4 theaters
Grass,The Cinema Guild,27741,0,Apr 19  2019,1 hr 6 min,Drama,2 theaters
Wings of Desire,Janus Films,128851,0,Oct 19  2018  Jan 10  2019,2 hr 8 min,Drama,4 theaters
This Magnificent Cake!,GKIDS,9911,0,Mar 1  2019  Apr 18  2019,44 min,Animation,2 theaters
Ghost Fleet,Abramorama,0,0,Jun 7  2019  Jun 16  2019,1 hr 30 min,Documentary,7 theaters
The Plagiarists,KimStim,45771,0,Jun 28  2019  Jul 4  2019,1 hr 16 min,Drama,1 theater
Gregory's Girl,Film Movement,41851,0,Oct 4  2019,1 hr 31 min,Comedy,1 theater
I'll Take Your Dead,Breakthrough Entertainment Inc.,19634,0,Jul 5  2019,1 hr 23 min,Horror,5 theaters
King of Thieves,Saban Films,350211,0,Jan 25  2019  Feb 7  2019,1 hr 48 min,Crime,11 theaters
Life and Nothing More,CFI Releasing,65366,0,Oct 24  2018  Mar 24  2019,1 hr 54 min,Drama,6 theaters
Border,Neon,737007,0,Oct 26  2018  Jan 6  2019,1 hr 50 min,Crime,74 theaters
Beloved Beast,Indican Pictures,38943,0,Oct 11  2019,2 hr 53 min,Horror,3 theaters
Rosie,Blue Fox Entertainment,29422,0,Jul 19  2019,1 hr 26 min,Drama,2 theaters
Genesis,Film Movement,25851,0,Aug 23  2019,2 hr 9 min,Drama,2 theaters
Going Attractions: The Definitive Story of the Movie Palace,Passion River,803,0,Oct 24  2019,1 hr 24 min,Documentary,6 theaters
Dying to Survive,China Lion Film Distribution,32382,0,Aug 9  2019  Sep 22  2019,1 hr 57 min,Comedy,2 theaters
Hollywould,Indican Pictures,52902,0,Nov 15  2019,1 hr 30 min,Crime,2 theaters
"One Nation, One King",Distrib Films,5951,0,Feb 28  2019,2 hr 1 min,Drama,5 theaters
"Monrovia, Indiana",Zipporah Films,51721,0,Oct 26  2018  Jan 31  2019,2 hr 23 min,Documentary,14 theaters
Of Fathers and Sons,Kino Lorber,3401,0,Nov 16  2018  Feb 28  2019,1 hr 39 min,Documentary,6 theaters
Under the Eiffel Tower,The Orchard,395711,0,Feb 8  2019  Feb 14  2019,1 hr 27 min,Romance,11 theaters
Patrick the Pug,Independent,137810,0,Feb 15  2019  Feb 21  2019,1 hr 34 min,Comedy,100 theaters
To Be of Service,First Run,19041,0,Nov 1  2019,1 hr 28 min,Documentary,1 theater
The Golden Glove,Strand Releasing,23005,0,Sep 27  2019,1 hr 55 min,Crime,5 theaters
Relaxer,Oscilloscope,0,0,Mar 29  2019,1 hr 31 min,Comedy,5 theaters
The Hottest August,Grasshopper Film,38832,0,Nov 15  2019,1 hr 34 min,Documentary,2 theaters
Kedarnath,PackYourBag Films,407118113,0,Dec 7  2018  Jan 3  2019,1 hr 56 min,Drama,113 theaters
The Meanest Man in Texas,Ammo Content,57503,0,May 17  2019  May 26  2019,1 hr 45 min,Biography,3 theaters
Love Goes Public,Aspiration Entertainment,5700,0,Oct 25  2019,1 hr 8 min,Documentary,0 theaters
Série noire,Rialto Pictures,20881,0,Sep 27  2019,1 hr 51 min,Crime,1 theater
The Miracle of the Little Prince,Film Movement,26431,0,Aug 28  2019,1 hr 29 min,Documentary,1 theater
Halloween,Universal Pictures,762215453928,10000000,Oct 19  2018  Jan 3  2019,1 hr 46 min,Horror,3990 theaters
Spiral Farm,Indican Pictures,54753,0,Dec 13  2019  Jan 23  2020,1 hr 25 min,Drama,3 theaters
Anna and the Apocalypse,Orion Pictures,525885,0,Nov 30  2018  Jan 3  2019,1 hr 33 min,Comedy,138 theaters
Chokehold,Ammo Content,52003,0,Mar 1  2019,1 hr 38 min,Action,3 theaters
Body at Brighton Rock,Magnolia Pictures,17328,0,Apr 26  2019  May 16  2019,1 hr 27 min,Horror,9 theaters
Intuitions,Indican Pictures,34073,0,Oct 25  2019  Nov 14  2019,1 hr 30 min,Romance,3 theaters
Cold Blood,Screen Media Films,345025,0,Jul 5  2019  Jul 11  2019,1 hr 31 min,Action,25 theaters
Chulas Fronteras,Argot Pictures,35481,0,Jun 28  2019  Jul 4  2019,58 min,Documentary,1 theater
The Garden,Kino Lorber,11411,0,May 29  2019  Jun 6  2019,1 hr 32 min,Drama,1 theater
Malek,Entertainment One,22263,0,Jan 18  2019  Jan 31  2019,1 hr 35 min,Drama,4 theaters
Un traductor,Film Movement,44121,0,Oct 19  2018  Apr 4  2019,1 hr 47 min,Drama,2 theaters
Crepitus,Indican Pictures,17901,0,Oct 31  2019  Nov 14  2019,1 hr 23 min,Horror,2 theaters
Ballet Blanc,Indican Pictures,18942,0,Nov 8  2019,1 hr 29 min,Drama,2 theaters
Kaili Blues,Grasshopper Film,41641,0,May 20  2016  Jan 24  2019,1 hr 53 min,Drama,4 theaters
What You Gonna Do When the World's on Fire?,KimStim,0,0,Aug 16  2019,2 hr 3 min,Documentary,1 theater
Slaughterhouse Rulez,Sony Pictures Releasing,214510,0,May 17  2019  May 23  2019,1 hr 44 min,Action,10 theaters
Sicilian Ghost Story,Strand Releasing,43241,0,Nov 30  2018  Feb 21  2019,2 hr 2 min,Crime,3 theaters
At War,Cinema Libre Studio,14051,0,Jul 19  2019,1 hr 53 min,Drama,1 theater
I'm Leaving Now,The Cinema Guild,12551,0,Sep 6  2019,1 hr 14 min,Documentary,1 theater
SGT. Will Gardner,Cinedigm Entertainment Group,0,0,Jan 11  2019,2 hr 5 min,Action,12 theaters
Tito and the Birds,Shout! Factory,0,0,Jan 25  2019  Feb 7  2019,1 hr 13 min,Action,6 theaters
The Fate of Lee Khan,Film Movement,16481,0,Apr 5  2019  Jun 27  2019,1 hr 45 min,Action,3 theaters
State Like Sleep,The Orchard,281310,0,Jan 4  2019  Jan 10  2019,1 hr 44 min,Drama,10 theaters
The Gliksmans,Indican Pictures,29223,0,Sep 27  2019  Jan 23  2020,1 hr 12 min,Comedy,3 theaters
La Flor,Grasshopper Film,23081,0,Aug 9  2019,13 hr 28 min,Drama,1 theater
Mother of a Day,Sumbadhat Productions,26721,0,May 4  2019,1 hr 15 min,Family,1 theater
Crown Vic,Screen Media Films,24681,0,Nov 8  2019,1 hr 50 min,Action,1 theater
Wallflower,Passion River,23781,0,Oct 4  2019,1 hr 24 min,Crime,7 theaters
The Wandering Soap Opera,The Cinema Guild,5121,0,May 17  2019,1 hr 20 min,Comedy,2 theaters
Rottentail,Ammo Content,22563,0,Apr 12  2019  Apr 28  2019,1 hr 46 min,Comedy,3 theaters
Another Day of Life,GKIDS,16912,0,Sep 13  2019,1 hr 25 min,Animation,2 theaters
Bauhaus Spirit: 100 Years of Bauhaus,Icarus Films,0,0,Feb 10  2019  May 16  2019,1 hr 35 min,Documentary,2 theaters
A Cool Fish,China Lion Film Distribution,7118715,0,Nov 16  2018  Jan 10  2019,1 hr 49 min,Comedy,36 theaters
Chasing Portraits,First Run,17081,0,Apr 26  2019  May 19  2019,1 hr 18 min,Documentary,1 theater
Filmworker,Kino Lorber,79841,0,May 11  2018,1 hr 34 min,Biography,17 theaters
100 Acres of Hell,Indican Pictures,9971,0,Oct 11  2019,1 hr 25 min,Action,1 theater
The Kindness of Strangers,eOne Entertainment,8393,0,Dec 6  2019,1 hr 52 min,Drama,3 theaters
Back to the Fatherland,First Run,13121,0,Jun 14  2019  Jun 30  2019,1 hr 17 min,Documentary,1 theater
L'héritage de la chouette,Icarus Films,0,0,Nov 9  2018  Jun 25  2019,5 hr 40 min,Documentary,1 theater
"No Date, No Signature",Distrib Films,49933,0,Aug 1  2018  Jan 24  2019,1 hr 39 min,Drama,3 theaters
Joan the Maid 1: The Battles,Cohen Media Group,12291,0,Aug 2  2019,2 hr 40 min,Biography,1 theater
Chef Flynn,Kino Lorber,75091,0,Nov 9  2018  Feb 7  2019,1 hr 22 min,Documentary,10 theaters
TINY: The Life of Erin Blackwell,Janus Films,16311,0,Jul 19  2019  Aug 1  2019,1 hr 27 min,Documentary,1 theater
I Lost Albert,Distrib Films,23541,0,Oct 4  2019,1 hr 40 min,Comedy,1 theater
Tea With the Dames,IFC Films,147771,0,Sep 21  2018  Jan 20  2019,1 hr 24 min,Documentary,71 theaters
Iceman,Film Movement,13727,0,Mar 15  2019  Mar 28  2019,1 hr 36 min,Drama,7 theaters
Detour,Janus Films,51271,0,Nov 30  2018  Jan 10  2019,1 hr 8 min,Crime,1 theater
Jihadists,Cinema Libre Studio,8241,0,Jan 25  2019  Feb 7  2019,1 hr 15 min,Documentary,1 theater
Divide and Conquer: The Story of Roger Ailes,Magnolia Pictures,1883315,0,Dec 7  2018  Jan 10  2019,1 hr 47 min,Documentary,16 theaters
A German Youth,Big World Pictures,4161,0,Oct 11  2019,1 hr 33 min,Documentary,1 theater
A Fish in the Bathtub,Cohen Media Group,12373,0,Nov 8  2019,1 hr 36 min,Comedy,3 theaters
Little Q,Well Go USA Entertainment,16521,0,Dec 6  2019,1 hr 47 min,Drama,1 theater
Game Day,Ammo Content,16244,0,Oct 4  2019,1 hr 41 min,Comedy,4 theaters
For Those Who Don't Read Me,Entertainment One,92635,0,Nov 23  2018,1 hr 47 min,Drama,6 theaters
American Playhouse: The Killing Floor,Film Movement,15831,0,Nov 22  2019,1 hr 58 min,Comedy,1 theater
Indivisible,Pure Flix Entertainment,1503101830,0,Oct 26  2018  Jan 3  2019,1 hr 59 min,Drama,830 theaters
Owaranai hito: Miyazaki Hayao,GKIDS,102384,0,Dec 13  2018  Jan 10  2019,1 hr 10 min,Biography,377 theaters
The Hours and Times,Oscilloscope,12731,0,Mar 1  2019,57 min,Drama,1 theater
Chinese Portrait,The Cinema Guild,5461,0,Dec 13  2019,1 hr 19 min,Documentary,2 theaters
Narcissister Organ Player,Film Movement,19831,0,Nov 7  2018  Feb 7  2019,1 hr 31 min,Documentary,4 theaters
The Untold Story,Ammo Content,7901,0,Jan 18  2019,1 hr 44 min,Comedy,1 theater
Senso,Rialto Pictures,39841,0,Oct 26  2018,2 hr 3 min,Drama,2 theaters
Serendipity,Cohen Media Group,11562,0,Oct 18  2019,1 hr 14 min,Documentary,2 theaters
Swimming with Men,IFC Films,1033631,0,Dec 7  2018  Jan 3  2019,1 hr 36 min,Comedy,31 theaters
Sgt. Stubby: An American Hero,Fun Academy Motion Pictures,11644031633,0,Apr 13  2018  Jan 10  2019,1 hr 24 min,Adventure,1633 theaters
I Am Not A Witch,Film Movement,82522,0,Sep 7  2018  Feb 7  2019,1 hr 33 min,Drama,8 theaters
Hold Your Breath,Entertainment One,1604612,0,Aug 10  2018  Jan 28  2019,1 hr 29 min,Drama,12 theaters
In Safe Hands,Distrib Films,3481,0,Jul 26  2019,1 hr 50 min,Drama,1 theater
Henchmen,Entertainment One,5803,0,Dec 7  2018,1 hr 29 min,Animation,3 theaters
1945,Menemsha Films,203652,0,Nov 1  2017  Jan 13  2019,1 hr 31 min,Drama,19 theaters
Tall Tales from the Magical Garden of Antoon Krings,Viva Pictures Distribution,0,0,Jan 11  2019,1 hr 28 min,Adventure,20 theaters
Over the Limit,Film Movement,14021,0,Oct 12  2018  Jan 10  2019,1 hr 14 min,Documentary,2 theaters
Postcards from London,Strand Releasing,26861,0,Nov 9  2018  Jan 10  2019,1 hr 30 min,Drama,1 theater
